comment_id,author,text,published_at,like_count
Ugz0l3ZPnBO8VJxH3cJ4AaABAg,@FadliHandayani,Hasil tidak pernah bohong. Ini buktinya. üî•ùó£ ùóü ùó® ùóß ùó¢ ùü¥ ùü¥ üî• terbaik,2025-05-10T07:29:21Z,0
UgyzWRWk-OsdW5xfsoZ4AaABAg,@DibaBunga,"Setiap spin bermakna, apalagi kalau di üî•ùó£ ùóü ùó® ùóß ùó¢ ùü¥ ùü¥ üî•",2025-05-10T06:46:49Z,0
Ugyrd26vYvzBi_eWwRh4AaABAg,@DestyErvina,"Dengan pendekatan yang benar, hasilnya luar biasa. Thanks üî•ùó£ ùóü ùó® ùóß ùó¢ ùü¥ ùü¥ üî•",2025-05-10T06:44:00Z,0
UgwLOP8jafoCqhmfzsR4AaABAg,@AstriKumalasari-y2x,"Baru login udah dikasih JP, mantap betul üî•ùó£ ùóü ùó® ùóß ùó¢ ùü¥ ùü¥ üî•",2025-05-10T06:08:28Z,0
UgybNjGheFxnr0jz--V4AaABAg,@YaniAnggraeni-u1f,Sangat keren! Meraih kemenangan besar diüö¶ùêè ùêã ùêî ùêì ùêé ùüñ ùüñ üö¶langsung berlibur ke luar negeri!,2025-05-10T05:35:20Z,0
Ugzd6ZkUnAj75L5O4Qt4AaABAg,@AndrianaIin,üî•ùó£ ùóü ùó® ùóß ùó¢ ùü¥ ùü¥ üî• memang layak jadi pilihan utama,2025-05-10T05:30:01Z,0
UgyjHx46JdfPKw0wpDJ4AaABAg,@bengal192,NYESEL PILIH PRABOWO,2025-05-10T00:43:29Z,0
Ugx14IVuT6TcikLgtWl4AaABAg,@khaizuranahda,"ekspresinya so iye
pembahasannya walaweee",2025-05-09T20:29:15Z,1
UgwT5_NXIVkC6e4u5AV4AaABAg,@jenifan961,"Yang komen kenapa parah banget literasinya?meski p.wowo lambat dan belibet,dia tetep menjawab dengan benar.

Btw visinya bagus,sayang banget udah terlalu tua jadi kamunikasinya kurang lancar.tetep semangat Indonesia menjadi lebih baik dengan berkembangnya pendidikan dan kemandirian indonesia.",2025-05-09T18:27:16Z,0
UgwWuH7YzAFhFzQKcYF4AaABAg,@surgamakanan,Amin ya rabbal alamiin semoga Allah SWT memudahkan kita untuk bangun Indonesia makmur rakyat Indonesia menuju Mak mur anak cerdas untuk masa depan Indonesia makmur rakyat Indonesia menuju Mak mur anak cerdas untuk masa depan Indonesia makmur,2025-05-09T04:58:18Z,0
Ugw6MDn0v7M9NcdKLvN4AaABAg,@surgamakanan,Amin ya rabbal alamiin semoga Allah SWT memudahkan kita untuk bangun Indonesia makmur rakyat Indonesia menuju Mak mur anak cerdas untuk masa depan Indonesia makmur rakyat Indonesia Tere makasih semoga Allah SWT memudahkan,2025-05-09T04:47:36Z,0
UgwTGJNtLiyYJTinbuV4AaABAg,@surgamakanan,Rakyat merdeka kerja sehat dan sehat bergeji kerna pamga nan Indonesia makmur rakyat Indonesia menuju Mak mur anak cerdas untuk masa depan Indonesia makmur dan sejahtera lahir batin Hjsri Kemala Dewi Atu mohon maaf lahir batin,2025-05-09T04:42:23Z,0
Ugw3ewwZuf_SCblh3ZR4AaABAg,@surgamakanan,Alhamdulillah makasih presiden membangun rakyat Indonesia menuju Mak mur anak cerdas untuk masa depan Indonesia makmur rakyat Indonesia,2025-05-09T04:32:46Z,0
UgynMnaDSQT7fi3ZRSd4AaABAg,@usengmercon4765,1:48:06,2025-05-09T01:38:52Z,0
UgzE0LnnlcVrnEXWSbJ4AaABAg,@juranggandul,üòä,2025-05-08T20:32:08Z,0
UgxIeaw8hDzoe9hahqZ4AaABAg,@MakmunMaulana-j8v,Kuci likan ka loka lu ciri lu Bangi Gung jawab tu,2025-05-08T11:42:35Z,0
UgyWQqzajDMtwO04KHB4AaABAg,@MakmunMaulana-j8v,Bangi kang tin satu akan bingan seakan jasnni Nina tu kan kan Bangi nah rus tuk sa Ra inonesa kita kokan,2025-05-08T11:40:11Z,0
UgzFqGTBxeMvb3ZeKax4AaABAg,@Kalandra-qk3bl,kok film jumbo gw begini,2025-05-08T08:01:34Z,0
UgwBpiBAPmLFVkSXdDl4AaABAg,@tonisuhartono4766,"üáÆüá©
üíôüíù‚úåüèª
üëçüëçüëçüëçüëçüëçüëçüëçüëçüëçüëçüëçüëçüëç",2025-05-08T01:19:06Z,0
UgxGj_4fD-U2hgHAvlB4AaABAg,@NjiAhmad-x8m,Ngelihat komen masih banyak yg sadar ternyata,2025-05-07T20:50:57Z,0
UgyagarwqGdjRiuahbF4AaABAg,@nikozio4981,"Krain maung, Ternyata meow..
Jawaban ga ada yg di jwb",2025-05-07T15:59:39Z,0
Ugz8Chl5ZOmr-hBmmVV4AaABAg,@Beeyourrselff,"Pak prabowo jangan ketularan wakilnya dong, 3 jam ngulang2 bener2 ujian buat saya.",2025-05-07T14:00:17Z,0
UgxjYX04V6EjtioNoW54AaABAg,@fahreeladjie2738,"Dari pandangan saya dan pendapat pribadi saya presiden ini dia gak liat fakta di lapangan , beliau keknya liat nya by data yg dikasih dari circle dan org kepercayaanya, dan keknya tipikal org yg menutup telingan dari pendapat org lain diluar circle / orang kepercayaannya",2025-05-07T10:56:28Z,0
UgxoLv9oxg7hm8aU5WN4AaABAg,@HaikalrfD8,"Baru aja ngeklik, udh ngantuk aja",2025-05-07T09:53:36Z,1
Ugxc-7twJcEt_L7Zk1V4AaABAg,@bayunyakak,"Kan emg dri awal beliu bisanya kerja nyata, g bisa omon2. Awokwowk kerja nyatanya apa bjir",2025-05-07T09:20:09Z,0
Ugxxwu0XqvMMMlxYHu94AaABAg,@Rips-r1y,"Br sanggup melihat video ini, setelahnya bnr2 merasa yakin melihat bahwa Indonesia memang gelap. Eh maaf br sadar bahwa sy lihatnya pas malam hari üòÖ. Seharusnya sy lihat pas pagi hari, pasti Indonesia cerah üòä",2025-05-06T23:57:42Z,0
UgxPm3D4TKuqbj3aSVx4AaABAg,@jandabaru-l4y,Rakyat Bener 2 nggak Salah Pilih Punya Presiden Seperti PK Prabowo Tegas Berwibawa Dan Benar 2 Berpikir Utuk Rakyat.,2025-05-06T22:43:08Z,0
Ugz-eC9EaXUhVyyOIvR4AaABAg,@taufikrahman6917,Omon omon,2025-05-06T22:11:59Z,0
Ugygpf6opAH44kXCRjB4AaABAg,@SASTRANEGARA92,Jurnalis nya lebih berwibawa dibanding yang duduk di gedung DPR SUMPAH,2025-05-06T18:00:16Z,0
UgwIXq3zy806vFv5w7J4AaABAg,@CandraRama-k8n,Lanjutkan acara diskusi spt ini kami bangga dgn kterbukaan Bpk PS üëçüëçüëç,2025-05-06T16:50:39Z,0
UgxFThWYsM8jiqtw1DV4AaABAg,@ekaponsel9938,"Bantulah pak jokowi   hentikan masalah inazah palsu , kenapa pak",2025-05-06T08:12:39Z,0
UgzLQxjMeci2HfN36TZ4AaABAg,@evisilvany1049,"jujur ga relate Pak, maaf Bapak cerita negara dan kepemimpinan mana yaa? hmm",2025-05-06T07:58:41Z,0
UgxLlEinkiK94Dh_yNN4AaABAg,@AcaAnastasya,baru menit 2 aja dh males,2025-05-05T21:15:43Z,0
UgykoQL2BZfjWWDegad4AaABAg,@muhammadnurwijaya4663,üòÇüòÇüòÇ,2025-05-05T16:08:55Z,0
Ugy5Le6rIvmDhIajOh94AaABAg,@dong5679,Di samarinda lagi viral bandar narkoba ditembak mati sesama bandar.apa kinerja presiden.narkoba di smd lagi marak.,2025-05-05T16:00:21Z,0
UgwYbtSsKMwZB5Sz6Dx4AaABAg,@SapiRangga,Hukum itu harus tegas / kejam .biar jera.,2025-05-05T15:18:36Z,0
UgzFJRVuuEpg_6XIWE54AaABAg,@SugiantoYanto-b8z,Mantap pk prabowo pidatonya maju terus pk presiden,2025-05-05T14:58:06Z,0
Ugxv1mON6OEvXPz-g3l4AaABAg,@taufikhansi4184,"Istiqomah mendukung semua kerja Bapak Presiden : ""Semoga Bapak Presiden Tetap Sehat, Tetap Happy & Tetap Enjoy"". Aamiin.",2025-05-05T14:36:35Z,0
UgxjLnPHShBUVowrntZ4AaABAg,@SumiratEdiSuyitno,Petani sukses bi la pupuk   l  angsung padaangsu angsung Bu 11:17 11:17 11:17,2025-05-05T13:43:24Z,0
UgytXutU2XmmfiozSvd4AaABAg,@Tanggalangit12356,"Pak, mohon pabrik lokal jg di proteksi dr gempuran barang luar terutama barang illegal + serius & ketat dlm sortir produk impor. Semoga indonesia semakin maju. Sehat2 selalu pak prabowo & mbak najwa",2025-05-05T09:53:01Z,0
UgwyxbH1mhGJOV3axrB4AaABAg,@Aminahsiti174,Alhamdulilah tmn2 mba nana orang baik,2025-05-05T06:44:08Z,0
Ugz-u1G0bNQDtoT4b-14AaABAg,@teguhfarhan9982,"Kita hormati hak berdemo, demo itu wajar yang gak wajar mah yang suka minta minta jatah kaya ormas apa lagi sambil ngabisin rendang MH parah bangetü§£",2025-05-05T02:21:55Z,0
UgxZXWwuJjoWjBGtrMl4AaABAg,@Suwarno-j9f,Gaas pol Pak Presiden membasmi pungli jang merugikan rakjat kecil 2:26:16,2025-05-04T20:47:37Z,0
Ugytra1OYsXAk9rA02R4AaABAg,@RagaSimanjuntak,Sehat selalu Pak presiden RI yg 8. Selamat dan sukses pak menuju Indonesia emas . NKRI harga mati .,2025-05-04T18:42:35Z,0
UgwPMn1hp_OteqY8VzV4AaABAg,@TakaNacita,Presiden giting,2025-05-04T17:47:55Z,0
Ugzji8kpugf4i0Xm5qN4AaABAg,@abdulazis_channel,Astagfirullah semoga gak 11..12,2025-05-04T16:46:03Z,0
UgxYCzZKlMviNuif9Ap4AaABAg,@asanasan6308,Semua media harus paham seorang pimina negara rakya Indonesia ini  sangat berak dan media harus jga negara Indonesia dan media paham ini semuadi negara‚ù§Ô∏èüåπsama jga Negar nya,2025-05-04T11:30:01Z,0
UgwHCjiTWhTyHcj9Zbd4AaABAg,@rupanggon,"Mbak nana, jika ada kesempatan lagi tolong sampaikan. Izinkan masyarakat membuat dokumentasi via digital jika membuat pengaduan dan hal apapun ketika berhadapan dengan pelayan masyarakat, all bidang. Guna sebagai arsip digital dan pelurusan pelayanan sesuai ketentuan....",2025-05-04T04:43:25Z,0
Ugy_SiA1BFiI9oRbREB4AaABAg,@AnnisaSyawie,Nnton in hrus pake kecepatan 1.50 biar gk ketiduranüòÖpak prbowo ngomongnya kayak sabang dan merauke. JauhüòÇ,2025-05-04T04:27:51Z,0
Ugz6k9Ax-F_D_rTXpsx4AaABAg,@IdsaIdsa-q8u,"Semoga terealisasi apa2 yg di cita2kan bapak prabowo dan rakyat indonesia,,",2025-05-04T02:54:48Z,0
Ugydo78vffKHeN-6Wul4AaABAg,@johnchristiantanamal3167,"Saya sangat Respect pd bpk Presiden, perlu diskusi terbuka seperti ini. 
Sy kutip sangat penting Chk n Re-chk perlu dikontrol dlm pekerjaan,Karyawan Kontrak dlm terminologi Hukum (PKWT) dan karyawan tetap dhn istilah 905 dan yg terpenting lagi penyampaian tentang penghapusan OUTSOURCING pd pidatonya di May day sangat di butuhkan masa depannya kepada para pekerja kontrak(PKWT)",2025-05-04T00:49:47Z,1
UgzEPW-VGmtZPde2ZkR4AaABAg,@IndahMelvino,Betul pak,2025-05-03T22:33:20Z,0
Ugxk5Jx2x_o5_Y0jY5B4AaABAg,@SuhardiBastian,"Bpk presiden Prabowo hebat strategi kepemimpinan nya,is the best ‚ù§‚ù§",2025-05-03T21:45:18Z,2
UgyvGsmRe3yokpcMLx54AaABAg,@siwirsiwir8507,"Masih terlihat belum terbiasa menjadi presiden , atau mungkin beliau sedang berusaha menjadi sosok yang bukan dirinya sendiri ?",2025-05-03T21:17:31Z,0
Ugy-ZkpuDMnMFPVL6dV4AaABAg,@karyadiyadi6613,üòÇüòÇüòÇkualitas pemimpin Indonesia beginiüòÇüòÇ,2025-05-03T19:45:26Z,0
UgxNaIRMxAqbwfODoC14AaABAg,@karyadiyadi6613,Panjang lebar üòÇ isinya 0. Muter2 tanpa isi pokoknya... üòÇüòÇüòÇüòÇ,2025-05-03T19:09:43Z,0
UgzhC04X7p2K5cs3Ykh4AaABAg,@dedemamnuah3379,Klo disimak setiap jawabannya gak nyambung sih hihihi mohon maaf,2025-05-03T15:04:59Z,0
Ugw05-Dy37dPmcvoy714AaABAg,@BelverageCoke,Saya mengantuk,2025-05-03T11:56:29Z,0
UgzIgByR204zp8XVWUJ4AaABAg,@gamerpaulofficial6738,üòä,2025-05-03T11:46:04Z,0
Ugw6MkL6T4TdW210z1F4AaABAg,@BektiHarjono,Gerindra pan yg sangat kuat apalah PDI perjuangan.dandemokrat turut membantu membuyarkan arahan pak Prabowo,2025-05-03T09:05:35Z,0
Ugx5cusvsZqzEL2UVbx4AaABAg,@BektiHarjono,Kalau di pilih udah mampan tidak bisa di ganti itulah yg dbuat pak Prabowo sistim taguh tidak bisa d ganggu di smua rakyat mau yg sebenar nya.,2025-05-03T09:03:54Z,0
UgyeAQglMGa7rZry7ht4AaABAg,@BektiHarjono,Jadilah pak Prabowo yg taguh jgn segan segan mengganggu  keutuhan pakprabowo dan wakil nya .,2025-05-03T09:00:08Z,0
UgwRJ66tiQ1SMMFF3Pd4AaABAg,@jackbad2516,kita kita kita trus,2025-05-02T19:21:37Z,0
Ugx_1zbqqWG6xqIdC3p4AaABAg,@agzacn3574,53:56  bukan dame tapi... Dame dane dame yooo dame dadoyooo,2025-05-02T16:32:39Z,2
Ugx0RE3k_TX8uhgXWxV4AaABAg,@Seth666.,Mba nanq tanya Indikator ambil tindakan dan jawabannya apa üòÇ  1:33:35,2025-05-02T14:27:07Z,0
Ugw9xhOmj8cbMvvS51V4AaABAg,@Seth666.,"Ditanya apa jawab kemana, ya alloh pak",2025-05-02T14:16:48Z,0
Ugz9w9GPK8DStU4nQ6N4AaABAg,@icnyoung5558,Tidak seperti presiden sebelumnya yg hanya pandai dalam bicara yg simpel & berbobot karna pak prabowo lebih ke aksi bukan basa basi yg tidak ada bukti.,2025-05-02T14:15:51Z,1
Ugwta-xwylMtaFeHmRh4AaABAg,@boymen8115,Salah judul,2025-05-02T12:58:11Z,0
Ugw3UK-iBrwRhrBf-1R4AaABAg,@anjaywijay1833,Saya sedih dg kualitas pemimpin negara ini,2025-05-01T20:10:28Z,0
Ugy3XAGe7LBrT9gKPYR4AaABAg,@sugengsutrisno7697,üòÆpetani kita byk yg gk punya lahan  jd nya cm buruh tani gemana,2025-05-01T19:20:29Z,0
UgxOjY9AkZHSStMXYS14AaABAg,@raraamalia8798,Prabohong,2025-05-01T18:29:32Z,1
UgwtvPvgUcY6hSPcqk54AaABAg,@FatimahIbrahim-q1l,Setujum,2025-05-01T17:25:27Z,0
UgwPv9cEuO2Bxppvrs14AaABAg,@HermanSumberpucung-zp4bi,"sing komen2 elek tentang Prabowo, psti pendukung e Pemerintahan Korupsi",2025-05-01T17:03:52Z,0
UgybEDGHciR3KBduZOJ4AaABAg,@AlmendoJunardidollu,"Negara kuat negara maju tu karena tdk ada korupsi pak, bukan pertanian klo tdk ada korupsi pasti banyak dana yg di saluran bukan hanya untuk pertanian tapi pembangunan dan teknologi paküòÇüòÇ president apalah",2025-05-01T13:37:43Z,0
Ugzu7aT4hJzZdyLFK614AaABAg,@annara_c,udah yapping nya?,2025-05-01T13:37:24Z,0
UgxHi04-cGcZvdkhuV54AaABAg,@JokoSampurno-h1v,Smoga diskusi spt ini.. dilakukan juga pula diskusi begini dgn Gibran  Wakil Presiden RI.. agr Rakyat/ Masyarakat Indonesia tau bagaimana KUALITAS & MUTU serta  BOBOT KECERDASAN &  POLA PIKIRNYA...,2025-05-01T05:21:41Z,1
Ugyp0_og7NlV-sE_H054AaABAg,@Nuur.f,üò¢üò¢üò¢üò¢üò¢üò¢üò¢ Indonesia,2025-05-01T03:29:48Z,0
UgwTprs3V-dI-OqMSjB4AaABAg,@ketutmaru9086,Masyarakat sebagian besar petani jk ini yg Bpk perhatikan yakin para petani bs merasakan hasil jerih payahx didaerah2 tertentu agak susah mengembangkan usahax karena paktor keamanan jg,2025-04-30T21:02:24Z,0
UgzNiT8Hndikv21cvQJ4AaABAg,@27nurfadilazahra44,"Saya bangga dengan kinerja bapak, lanjutkan dan tidak perlu merespon omongan sampah yang tidak mendukung negara dan proses pemerintahan yang tidak mudah pak, tetap fokus tujuan utama saja sisanya buangüòÇ",2025-04-30T16:19:42Z,0
UgwfoO8WicpyHMfBeeB4AaABAg,@Dhikyw,"jawabannya lengkap dan detail bangett, sampe lupa sama pertanyaan jurnalisnya",2025-04-30T15:49:59Z,0
UgxO8Jr-mQ7YxwMXDcl4AaABAg,@MugiyonoAja,Tidak benar,2025-04-30T15:45:01Z,0
Ugzjp98MI-rOi8UrmXJ4AaABAg,@MugiyonoAja,Ngerusakin pager,2025-04-30T15:43:58Z,1
Ugyx1_EbooPEdR0muRl4AaABAg,@MugiyonoAja,Betul,2025-04-30T15:43:02Z,0
Ugyv8To8BZSPkBQcpmt4AaABAg,@MugiyonoAja,Betul,2025-04-30T15:36:22Z,0
UgxbC6RJUnlNigRUuop4AaABAg,@MugiyonoAja,Betul,2025-04-30T15:33:39Z,0
Ugxta9h6VbHfUD6pwnh4AaABAg,@MugiyonoAja,Aamiin,2025-04-30T15:14:17Z,0
UgxfOtdzuCpB0pyo0TB4AaABAg,@MugiyonoAja,Aamiin,2025-04-30T15:13:40Z,0
UgyDus-A-P4DWlSU25Z4AaABAg,@MugiyonoAja,Alhamdulillah,2025-04-30T15:08:31Z,0
Ugxq1ACUsfT2mjH9n794AaABAg,@MugiyonoAja,Aamiin,2025-04-30T15:03:13Z,0
UgwdsxW5Z23Gd4hztGl4AaABAg,@MugiyonoAja,Assalamualaikum BPK bos,2025-04-30T14:49:21Z,0
UgxMIWOYqDfqCVdYAhx4AaABAg,@rasyiedhanafi9995,Cmon cmon cmon,2025-04-30T14:23:56Z,0
UgzIgGSIKsLYhAUS7xp4AaABAg,@prameyong,"Kirain anda beda,trnyata samaüòÖüòÖüòÖüòÖüòÖüòÇ",2025-04-30T14:11:03Z,1
UgxhTjLbDTCkdcXevgV4AaABAg,@sudiono5618,Omon omon ga nyambung,2025-04-30T13:57:12Z,1
Ugz4HxJlypIBMcft89p4AaABAg,@Muksin-u8y,Tolak 100 purna tni jangan tanggapi soal pemakjulan WP mereka penhiana jalannya pemerintahan bau cuekin saja  otak celeng.,2025-04-30T13:50:32Z,0
Ugyj7eXOMSiamfXoBm94AaABAg,@williamvangeance3361,57:51 come onüòÇ,2025-04-30T12:02:53Z,0
UgyyZV9QcNOvGD5yr9R4AaABAg,@irbefin7914,Bapak yg ngomong tapi aku yg capek,2025-04-30T09:34:08Z,0
UgwwidTT0VKBtbBBqm14AaABAg,@masdi1792,"sumpah seorang presiden masih tdk bs memilih memilah kata, masih pake bahasa ( persiden goblog ), fix indonesia harus kwatir dan kalo bisa usul ganti saja presiden dana wakil nya ga mutu, pertanyaan nasum nya daging semua, di jawab pake tulang ga bobot",2025-04-30T07:31:48Z,1
UgxK5Q1RW3Ov9qa8Vnp4AaABAg,@mustaqimchandra2877,"Pertanyaanya td apa ya, kok sy tdk nyambung,",2025-04-30T06:58:58Z,0
UgypV4Gpoe9ZHGikY4h4AaABAg,@segera4449,"Pa prabowo presiden RI , tuntutan para purnawirawan TNI , 8 jumlahnya , tuntutan no. 1 yaitu untuk kembali ke uud , 45 , saya tidak setuju , saya menolak , sebab jika uud , kembali ke uud , 45 , maka 4 point amandemen uud , 45 , yaitu th 1999 , th ,2000, th , 2001 , dan th 2002 akan dihapus , itu yang sangat saya  tidak setuju . Selanjutnya , tuntutan lainnya yaitu yang , ke 2  sampai yang ke 8  , itu saya tak  ikut  komentar , artinya diserahkan kepada pa presiden  ,  itu urusan pa pa presiden  untuk mempertimbangkannya , terimakasih 
.",2025-04-30T06:11:41Z,0
Ugybk4KVdg48pZHlLrp4AaABAg,@darkangel1336,üòÇ,2025-04-30T05:22:35Z,0
Ugxz9BG4aeiCjgTDytl4AaABAg,@yeniliasusanti,"Liat pak tua umur 73 tahun di telanjangi pola fikirnya,dan di paksa mengerti keadaan zaman yang terus bergerak pesat.Jawaban dari setiap pertanyaan kosong semua nyaris tanpa nilai.Jadi dia bukan orang jahat,tapi inkompeten.Ibarat supir traktor berusaha nerbangin pesawat Boeing.",2025-04-30T04:58:35Z,2
UgxokyibduTxCBLoivR4AaABAg,@nadaminayah7957,‚Äúsuper semar‚Äù got me dying,2025-04-30T03:39:28Z,1
UgzsxLTn-fUzUd_VnuZ4AaABAg,@BanuLipurwanto,"Ini baru pemimpin yg mencatat sejarah dunia yg sangat bijak mau mengakui kepemimpinan terdahulunya dan menghormati sekaligus mau melanjutkan program¬≤ yg super istimewa, Ayo pak Prabowo kami¬≤ sangat mendukungmu sehat slalu Bapak semoga TUHAN slalu melindungimu...Amin‚ù§Ô∏è‚ù§Ô∏è‚ù§Ô∏è",2025-04-30T02:20:50Z,0
UgyeJmtZ1ze_z80hSRB4AaABAg,@AbdiAbdi-x3w,"hee mereka kan orang pendidikan pak prebowo itu sia pa itukan kepala negara logikanya yah sedikit  sopan santun sedangkan  pak prabowo itu
lihat umr dan kalian umur muda  sopan dikit lah
ada katasebutan kamu dan aku kita adasebutan 
bappal danibu 
hargailah 
yg tua  maupun yg muda
 itulah sopan santun memangnya kepala negara ini adik kamu 
 bukakanya",2025-04-29T21:59:15Z,1
UgyZohz-5jCOrbGPAhN4AaABAg,@bepeatb.,UU TNI buat para jenderal tapi UU perampasan aset utk negeri ini...,2025-04-29T19:26:05Z,0
UgyL7T06oo93ue0pHPd4AaABAg,@Victormzmeia,3 jam 26 menit isinya OMON-OMON doang anyinggg,2025-04-29T18:30:44Z,1
UgyU6BVa6jTuZvI31Ud4AaABAg,@AZ10056,jawabannya ga ada yg nyambung,2025-04-29T18:19:06Z,0
UgzwjZNlRsGOgPT1GsV4AaABAg,@JenikeyTimu-i7p,"Ini kita bicara Blak blakan Ya Mohon Maaf Pa, Apa lagi di Bangka Belitung ini Negara tetangga dekat Pa, jadi Bangka Belitung ini banyak Mafia paling gila selundup  PanPerempuan saja berani Paüá≤üá®üá≤üá®‚ù§Ô∏è‚ù§Ô∏è‚ù§Ô∏èüëèüëèüëè",2025-04-29T17:02:40Z,0
Ugxifus4f0KbDJpLBK54AaABAg,@JenikeyTimu-i7p,"Dan TNI juga Pa dr tingkat Propinsi, Kabupaten, Kecamatan ingkar TNi bisa di beli juga sama Korea Korea Pa, jadi Masyarakat Sengsara Pa dan jadi Korbanüá≤üá®üá≤üá®‚ù§Ô∏è‚ù§Ô∏è‚ù§Ô∏èüëèüëèüëè",2025-04-29T16:57:35Z,0
Ugyi4qGhPBnl_m8JdJd4AaABAg,@JenikeyTimu-i7p,"Yang Punya duit Banyak itulah yg berkuasa, Gubernur, Walikota dan Bupati,dr Keamanan dlm Negeri Kapolda Kapolres dan Kapolsek bisa di beliüá≤üá®üá≤üá®‚ù§Ô∏è‚ù§Ô∏è‚ù§Ô∏èüëèüëèüëè",2025-04-29T16:53:30Z,0
UgzYJ3rEdjiybRkJjsF4AaABAg,@JenikeyTimu-i7p,"Jadi Gubernur tipu Menteri dan Menteri Pulang tipu Presiden jadi sama sama tipu Pa, Apa lagi Bangka Belitung ini Gila suap sogoküá≤üá®üá≤üá®‚ù§Ô∏è‚ù§Ô∏è‚ù§Ô∏èüëèüëèüëè",2025-04-29T16:50:30Z,0
Ugwlfy1DxroAV1ET0bl4AaABAg,@JenikeyTimu-i7p,"Krn Mentri DTG ke daerah bukan temui Masyarakat di lapangan tapi temui Gubernur DTG di Hotel berbintang, jadi Gubernur tipu Menteri, dan Menteri Pulang tipu Presiden ini Fakta Pa üá≤üá®üá≤üá®‚ù§Ô∏è‚ù§Ô∏è‚ù§Ô∏èüëèüëèüëè",2025-04-29T16:47:09Z,0
Ugw9NfzrMJvCXbiaw014AaABAg,@JenikeyTimu-i7p,"Ini Mohon maaf Pa bukan ngadu tapi cuma kasih tau Pa, Jgn seperti sebelum sebelumnya Pa, Krn Para Mentri DTG kedaerah bukan temui Masyarakat tapi DTG Ke Gubernur di terimah di Hotel berbintang, üá≤üá®üá≤üá®‚ù§Ô∏è‚ù§Ô∏è‚ù§Ô∏èüëèüëèüëè",2025-04-29T16:42:44Z,0
Ugybx5kDBt_sZtZcIcN4AaABAg,@mohammadalfian1796,Asw.kami.rakyat.biassa.pokoknya.prapasan.akset.segera.di.sahkan.karna.sebelum.jadi.preseden.bapak.prabowo.sudah.janji.sama.rakyat.ini.yg.rakyat.tagih,2025-04-29T15:57:56Z,0
UgxTLr7c0WSNlaEWNnd4AaABAg,@mahdhalenha7712,Herannn sama yang komen hujatt... Mereka nonton ngga ndengerin ... Ndengerin pula hatinya udh ketutup... Udh diselimuti sengit sebel dan benci ya begitu... Ngehujaaaaad mulu isinya... Komen2 nya ga bijak ujung2nyaüòÇüòÇüòÇ,2025-04-29T14:45:18Z,0
UgyrXlb0MR9UuMF0LqR4AaABAg,@cutie.caratt,"keren yang di sana dengerinnya, kita disini udah istighfar muluüò¢",2025-04-29T14:35:03Z,0
UgyYY6uDuBeo-8EcI694AaABAg,@mahdhalenha7712,Menit ke 2jam lebih 40menit... Kami berharap bapak presiden.. Doa kami.. Bapak diberikan sehat sellalu dan dijauhkan dari orang2 dzolim yang berbuat jahat pada bapak.. Kami bangga dan bersyukur adanya bapak menjadi presiden.. Pelan2 insya Alloh yang kemarin ter phk kembali mendapatkan kerja dengan lapangan kerja yang terbuka ke depan,2025-04-29T14:25:27Z,0
UgzUOBhb_ZDOmeUJjf14AaABAg,@mahdhalenha7712,Semoga next ada lagi yah mba nana‚ù§‚ù§‚ù§ suka banget ndengerin interaksi pak presiden dengan para reporter2 ternama diindonesia.. Semua pembahasan bener2 daging..,2025-04-29T14:15:11Z,2
UgySk_-Y-T0wkCg137h4AaABAg,@JohanPurba-r7d,"Pak prabowo seandainya masyarakat bisa berkomunikasi dengan bapak. Hati bapak pasti menangis melihat masyarakat yg masih banyak susah sekali di pelosok pelosok. Sementara yang korupsi di indonesia tidak mau kalau satu juta, kalau melihat dari berita, mensos  masyarakat melihat yg korup ratusan juta milyaran, sementara masyarakat dipedesaan bamyak yg terlantarkan . Tlg ya pak segala aparatur negara supaya bapak pesan bersatu membasmi segala kejahatan.",2025-04-29T13:17:29Z,1
UgzbFuqcs0vMgOaByuJ4AaABAg,@JohanPurba-r7d,"Semoga pak prabowo sehat selalu, dalam lindungan Tuhan diberi kebijak samaan. Pak kami atas nama masyarakat memohon, tentang obat obatan terlarang di Indonesia supaya bapak perhatikan keamanan yang segera dibasmi dan dicari dari mana asal usul nya masyarakat menilai pihak kepolisian sepertinya, kurang serius untuk menangani kasus tersebut. Jadi tlg pak sekiranya, kalau pihak kepolisian inggak mampu, ikut sertakan aja TNI supaya cepat tuntas. Kasian pak generasi muda mudi kita. Terimakasih pak atas kebijakan bapak nantinya, kami tunggu. ‚ù§‚ù§‚ù§‚ù§‚ù§‚ù§‚ù§",2025-04-29T12:46:48Z,0
UgyTedYvkCSh8aww52Z4AaABAg,@titiwahyu_98,Oke  jelas,2025-04-29T12:38:47Z,0
UgxNRoxykKEZrq8N4LR4AaABAg,@ramagarbadin3158,Mau pemimpin yang seperti apa sih. Gak ada manusia sempurna yg jadi pemimpin kecuali Nabi Muhammad dan Imam Mahdi.,2025-04-29T08:06:09Z,0
Ugw_Sf1i03TCAYvYUwV4AaABAg,@abdulmuhit7777,"respect, doa terbaik untuk beliau dan teman2 seperjuangannya, mudah-mudahan diberikan kekuatan dan selalu dalam bimbingan dan petunjuk dari Allah swt, aamiin.",2025-04-29T07:59:22Z,0
UgyDKDOo2SuabtXKCY54AaABAg,@ZHC.2024,Ini baru pas.. Adem,2025-04-29T06:28:04Z,0
UgyfZbyV2qoomf-BYCB4AaABAg,@BonarTmbunan,",jangan,ragu,pak,parabowo,bapak,pilihan,Rakiat,jangamudagoyah,",2025-04-29T03:43:35Z,0
UgzOUAKKKaItP2mAYU54AaABAg,@wulakadaabdul6722,"Jangan lupa sejarah pak presiden , selain berbagai kebijakan yang diambil menyangkut swasembada pangan ada satu hal yang menjadi perhatian adalah peranan penyuluh pertanian sebagai ujung tombak dalam pembangunan pertanian. Dimana setelah tahun 1984 kita swasembada beras setelah itu setelah otonom status mereka diserah ke daerah peranan mulai berkurang dan sekarang tidak kedengaran lagi. Untuk itu kami sebagai eks Penyuluh pertanian spesialis memohon agar dalam pemerintahan bapak penyuluh pertanian agar dikembalikan ke pusat. Bilang perlu di daerah lembaganya berdiri sendiri tidak berada pada salah Dinas Teknis. Demikian sedikit masukan dari kami semoga ke depan peranan mereka semakin besar dalam mendampingi para petani kita dalam meningkatkan kebutuhan pangan di negeri ini. Salam santun",2025-04-29T03:08:47Z,0
Ugx6Oit3jAEmZFnq5MB4AaABAg,@edysuherman1658,Menurut saya sudah bagus dialog ini.,2025-04-29T01:04:40Z,0
UgyIm4G8K_xDSu-PAht4AaABAg,@EndangsuryanaSuryana-d9q,"Rahayu,  pundi asih terbuka...kasih sayang seorang pimpinan yang benar tau akan kepentingan rumah tangga Indonesia....dan tujuan kita menuju arah dari patriotis kemerdekaan.....yang diperjuangkan moyang kita tergapai dan tercapai pada sasaran. .indonesia bangun dan berdiri d kaki sendiri.dan mohon karena kita d kata negara miskin mari kita bangkit dari kemiskinan...pokok utama besik manusia adalah baku pokok makan ..sandang papan dalam berkehidupan MerdekaMerdeka Merdeka..Indonenia raya..hidup NKRI...salam santun HormatKami anak Bangs\",2025-04-29T00:50:03Z,0
UgwSTklBHPsi6XIrsXN4AaABAg,@sugengwahono8475,Jaka sembung pegang golok,2025-04-29T00:25:40Z,0
UgzLVAvThN8pd-77YLt4AaABAg,@Namadoxcas,Bpk persiden berdiskusi luar biasa saya nga salah pilih keren ‚ù§‚ù§‚ù§,2025-04-28T23:17:01Z,1
Ugw8efYnqYC8EsZ9PON4AaABAg,@MedianMandiri,Adakah A1 botol halus,2025-04-28T21:41:33Z,0
UgzzAnf5e3kGuoXwu-p4AaABAg,@taufikmoh5308,6 BLN mempersiapkan ternyata kabinetnya berisi orang orang bermasalah dan dilindungi,2025-04-28T20:54:24Z,0
Ugx0VQOIejwiEWssvIJ4AaABAg,@JoniDaswarman,Kpu tidak beres sampai sekarang ijazah jokowi tidak jelas,2025-04-28T18:30:13Z,0
UgwgPVCCXqliY9pjIkF4AaABAg,@JoniDaswarman,Dialok yg tidak membuahkan hasil untuk apa? Cuman omon2doang kayak pinokio.boneka jokowi.,2025-04-28T18:28:41Z,1
Ugx_KQe5V3V8VCLHnvx4AaABAg,@djar6180,bpk prabowo‚ù§‚ù§,2025-04-28T18:04:46Z,0
UgyC7BVtmaanBwYGAaB4AaABAg,@mahdizarmawardi8507,"Prabowo, Prabowo.
Lain yg dotanya, lain yg dijawab",2025-04-28T17:10:39Z,0
UgxWCLxoNA2UelX5vYF4AaABAg,@teukuadami1803,Mantap pak prabowo cukup baik fufu fafa di minggir aja.,2025-04-28T17:06:28Z,0
UgzX3cSV_Ygbn77Rlr94AaABAg,@BagioKamid,Tenang pak rayat medukung pak prabo kiban pak,2025-04-28T15:45:44Z,0
UgxnQR4WFsQaQkgDWsR4AaABAg,@SofiaFirdaus26,Udah yappingnya?,2025-04-28T12:48:27Z,0
UgxCDVAIHyX-EMcN6L14AaABAg,@Fantoryall,"cuma mau bilang..


















oke gas oke gasssüòÇüòÇüòÇüòÇ",2025-04-28T11:32:40Z,2
UgxRuSUaRsNdPRmU06B4AaABAg,@HarsonoBjn,"Ganti wapres,  brantas koroptor hukum berat dan di miskinkan para koroptor,sejahterakan rakyat, kami rakyat keci di bojonegoro siap dukung pak prabowo 2 (dwa)priode.",2025-04-28T08:31:09Z,1
UgzS02pip2hK-veMvXJ4AaABAg,@user-ic4fc1io1f,saya bangga dengan pak Prabowo,2025-04-28T07:15:48Z,0
UgysU0XFQ_4SgSA7kfV4AaABAg,@user-ic4fc1io1f,keren pak,2025-04-28T07:15:25Z,0
UgyBB_Ynds8KKe4dYNl4AaABAg,@endangpurwaningsih6172,"Banyak bendungan ,pengairan, jalan  untuk mobilitas hasil bumi, kebutuhan masyarakat dg mobilitasnya telah dirintis oleh pak Jokowi..semoga pak Prabowo bisa menggunakan sesuai visi nya terutama peningkatan pangan dan ekonomi.",2025-04-28T05:48:08Z,0
UgxWjJ2cQdFc7o3gMGx4AaABAg,@endangpurwaningsih6172,"Membangun SDM dan infrastruktur sama pentingnya, tanpa infrastruktur yang mendukung pengembangan pangan tdk akan ada hasil yg maksimal",2025-04-28T05:42:09Z,0
Ugz36-C9jMjJ9bIaSe54AaABAg,@dimazismechannel6182,"Kok ada orang yg masih gak paham? Ya gitu kalo udah benci ya apa aja yg dibilang juga pasti salah. Pak Prabowo pikirannya udah Internasional. Membawa dan membandingkan Indonesia dengan negara lain dengan program2 yg sudah sukses. Relasi nya Presiden2 negara lain. Riset dan Eksekusi. Cuma salahnya pak Prabowo setiap dia bekerja dia enggak bawa Kamera aja. Pak Prabowo mau membawa Negara ini ke next level, bukan nasional aja. Pondasi yg mau dia bangun dan tinggalkan. Tapi ya susah kalo SDM yg mau diajak next level masih di skala ini. Contohnya dapat dilihat dari komen-komen disini.",2025-04-28T05:09:06Z,0
UgxAXiHhDHCqdwq9hJZ4AaABAg,@AfrArya-jc8wo,Anjayy Jumbo the movie udah tayang di yutub secara gratis,2025-04-28T04:56:08Z,0
UgyJaayNorZEj9kt9F94AaABAg,@maddenHutagaul-ef2rf,"Pa Presiden buat singkat, padat, jelas, transfaransi n yg paling penting bgmna masyarakat NKRI ini bs hidup dgn baik, apa saja yg perlu dipersiapkan tp bkn makanan bergizi gratis bg kami masy hal itu tdk perlu.",2025-04-28T04:29:23Z,0
UgyppxIML4-99hLDzSd4AaABAg,@mlikhin2302,"Banyak disini yg berilmu tinggi,,tp hanya berkomentar busuk dan merasa paling benar ..
Sedangkan dikehidupan nyata nol besar..",2025-04-28T04:11:23Z,0
UgzyV3UpnCdMVSulGE14AaABAg,@Firman-g6y,Assalamualaikum warahmatullahi barakatuh tolong air untuk petani di desa desa yang lahan kering di perhatikan soalnya sehebat hebatnja Tampa ada air sulit kita berhasil kalau saya di tlpn saya akan berbicara tentang pertanian untuk kemakmuran rakyat kecil,2025-04-28T03:47:47Z,0
Ugwxzd0YrgeT69cYm2N4AaABAg,@Firman-g6y,Assalamualaikum warahmatullahi barakatuh pak presiden Prabowo tolong perhatikan anak anak kita sudah bertahun tahun magang tolong di perhatikan,2025-04-28T03:20:28Z,0
UgzEsKELKHjez_91mH54AaABAg,@jailanimakasihdoanyasemuan2337,Gula awal pahit ahirnya apa kmu rasa rakyat ku,2025-04-28T03:10:26Z,0
UgyPNdSZXkWuQ-Cu2hl4AaABAg,@jailanimakasihdoanyasemuan2337,Intelijen bowo apa kmu lanjut kan joko widodo yg sdh gagal tdk repot repot  lagi jgn sampai 3x,2025-04-28T03:09:02Z,0
UgxX_GsnRkfg0i-y3W94AaABAg,@muhammadfaza2654,HALO PRABOWO SAYA BUTUH MAKANSIANG GRATIS,2025-04-28T02:40:49Z,0
UgyQWq94gV2nc6JZ5Cl4AaABAg,@Arutoranumber7,"1:19:23 
""Awewewek""
üòÇüòÇüòÇ

Tapi dari keseluruhan tanya jawab ini saya jadi mengerti bahwa....",2025-04-28T00:21:59Z,0
UgwWMUKJGu9a9NSNsqF4AaABAg,@wiroutomo4284,"Korupsi dengan cara mempersulit pengurusan tanah seperti di desa Damarsi, kec Buduran, kab  Sidoarjo . Ada mafia tanah dengan cara membuat perdes perdes yg merampas tanah gogol , undang undang yg diterapkan adalah undang undang kolonial belanda , jadi rakyat dipersulit oles Kades dan BPD dengan cara membuat perdes yg berlawanan dengan Land reform yg sdh reform beberapa kali.
Jadi sawah gogol rakyat dipersulit mendaftar saja ke BPN. Tolong bantu aparat yg berwajib untuk menindak lanjuti
Terima kasih",2025-04-28T00:12:55Z,1
UgwE8fI1EBhpAYjDzu54AaABAg,@Ludialolopayung-oc2tg,"Tuhan melindungi Bapak Presiden Bapak Prabowo, menjagai, melindungi dlm segala kepemimpinanya",2025-04-27T23:36:04Z,0
UgxlPP_OeNIc-VdqjdF4AaABAg,@ElangSamudra-mj2fw,Online sih iya tp apa artinya kl tdk ada pengawasan msh saja di permainkan org dlm pak ujung ujungnya sogokan,2025-04-27T20:22:16Z,0
Ugyz-5ruVsf0cXvnz554AaABAg,@video.sembilan,"Kapan eksklusif sama wakilnya saja ""Gibran"" pingin tahu pengalamannya selama jadi wakil presiden",2025-04-27T19:57:00Z,0
UgwPB1ubyo0c_EpA6dd4AaABAg,@aziznurulhajji4684,"terkendali nd4smu, semongko 50ewu, minyak goreng 2 liter 40an ribu, beras 5 kilo 75 rb, ngomong seng a?",2025-04-27T19:19:29Z,0
Ugyl0yYsOi8fzLik4VZ4AaABAg,@akbarnfp5828,mega wati terlalu bnyak menjual aset negara,2025-04-27T17:32:47Z,0
UgxqSXVHmdBAKUVs7x54AaABAg,@kvinn6321,"Yang komen ngejelekin Prabowo, pasti nonton nya ngk smpe selesaiüòÇ",2025-04-27T17:28:00Z,0
UgywL3JrKLs2F5Gakg94AaABAg,@SuciAnisa-c9e,Setiap kata yg keluar dari bapak saya istigfarüòä,2025-04-27T17:04:28Z,0
UgynidIm0UxqEVd7bgl4AaABAg,@bangdodo-lq1uv,Sampai menit 49 belum nemu apa artinya ini dialogüò¢üò¢üò¢,2025-04-27T16:06:43Z,0
UgyAmbPajiVUN3qoj9B4AaABAg,@iqk_mdwm2685,susah nangkep pointnya üò≠,2025-04-27T16:00:26Z,0
UgzOxq3X50iJEPj1W7R4AaABAg,@Anakmeme28,mending gw aja deh yang ngomong pak klo ga bisa ngomong,2025-04-27T15:48:13Z,0
UgxcwV5QHEMOI_jqJ3N4AaABAg,@refanasmadi7044,Indonesia emas 2045 (bagi pejabat dan jajaran petingi-petinginya),2025-04-27T15:39:01Z,0
UgxgFyq86BuTj2Huo9h4AaABAg,@RianDadi-z2x,"Hukuman mati untuk koruptor itu sya kira sangat efisien,bagaimana caranya? Disini sya menggunakan istilah ""TAHANAN HUKUM"" artinya pada masa tahanan pertama koruptor dijatuhi hukum seadil-adilnya,setelah dibebaskan akan menjadi ""TAHANAN HUKUM"" maksudnya yaitu mantan koruptor tersebut akan dipantau selama masa hidupnya,jika beliau kedapatan melakukan kasus yang artinya merugikan Negara,maka hukum akan mengambil tindakan tegas yaitu dengan hukuman mati,sekecil dan sebesar apapun kasusnya,harus ditindak setegas-tegasnya...sya kira ini dapat mempersempit kesempatan para koruptor untuk melakukan korupsi ataupun mencegah koruptor melakukan hal yang sama,,sya sebagai RAKYAT YANG DIRESAHKAN menganggap hukuman tersebut sangat efisien,dan untuk anak dan istrinya Negara bisa memberikan kompensasi yg tdk selamanya dengan uang tetapi dengan memberikan pekerjaan atau modal bisnis yg pantas agar mereka boleh merasakan hal yg sama yang dirasakan rakyat pada umumnya........",2025-04-27T13:24:50Z,0
UgzjFVpx6YpfTRy4q3B4AaABAg,@PahriantoAnto-s3p,Koruptor yg sudah di tangkap apa ceritanya kenapa harus ijazah Jokowi yg di urus mengalihkan masalah koropsi,2025-04-27T12:21:02Z,0
UgxkTdHnJR0XnqJorQ54AaABAg,@AlenkaaNur,"Request gibran, udah subrek",2025-04-27T12:12:43Z,0
UgyapOzdR7Ewizo4uup4AaABAg,@sudarsonosudarsono6226,"Satu lg pak Prabowo..bukak lahan .. Gandum spy..bisa menampung pengangguran...dan sawit , karet , jagung, sagu, dlln..termasuk Jarak ,..‚ù§‚ù§‚ù§‚ù§üéâüéâüéâüéâ",2025-04-27T12:12:38Z,0
UgyN42LT0vmosEGguil4AaABAg,@sutrisno-m7v1g,"tolonng tanah yg belum dibangun  supaya ditanami orang,, butuh kerja",2025-04-27T11:16:48Z,0
UgwXBpbWFemU9BiAHLl4AaABAg,@sutrisno-m7v1g,terima kasih pak harga gabah lumayan pak,2025-04-27T11:14:26Z,0
UgzxTNLuLD0Es4nQpvR4AaABAg,@novaljeni1874,Isi nya daging semua cuma busuk üòÇüòÇüòÇüòÇüòÇüòÇ,2025-04-27T10:36:21Z,0
UgwtSB0G62RobGtRIEd4AaABAg,@SumBada-o1i,tolong  bapa prabowo presiden  kita turun  ke desa ya pa,2025-04-27T10:34:04Z,0
UgxaAAxXKJZa7x7mSZ14AaABAg,@NisaPutri-z9y,kaget .nanti .mungkin ..dulu .sll,2025-04-27T08:41:06Z,0
Ugz2QTESDq-PYkYz6bh4AaABAg,@MbahLis-jm2zg,PAK PRESIDEN PRABOWO SUBIYANTO. PAK GIBRAN JANGAN DI COPOT SEBAGAI WAPRES.,2025-04-27T07:09:36Z,0
Ugz7E0e_-qI2E_xh5b94AaABAg,@samsugksa328,Korupsi itu bukan kekurangan gaji pak tapi keserakahan,2025-04-27T06:33:19Z,0
UgxFrLeNx7H9dPx-puR4AaABAg,@Muhamadyusuf-n9s,Alah Sumatra aja belum Ada.,2025-04-27T06:21:18Z,0
Ugzry16vR-QdKM4ahQ94AaABAg,@srimiyatun7651,Presidenku sehat sehat,2025-04-27T06:17:44Z,0
Ugw-7ZFzx473fJdkJld4AaABAg,@MasNin-c2e,Masih ada cmprtg pndahuluüòÇ,2025-04-27T05:50:24Z,0
UgywMYIs0bGbTKmd0ZV4AaABAg,@samsugksa328,Udah pak jangan omon¬≤ terus coba kali¬≤ turun ke masyarakat biar tau apa sebenarnya yg trjadiüòÇ,2025-04-27T04:13:50Z,0
UgzHJ7sarnNbnuqHyQ94AaABAg,@lenasilaban6028,Mantap üëçüëçüëçüëçüëç‚ù§Ô∏èüôè,2025-04-27T02:08:00Z,0
Ugwj-KalUMdDdT4evcl4AaABAg,@lenasilaban6028,Sehat selalu pak Prabowo Subianto presiden üëç‚ù§Ô∏è‚ù§Ô∏è‚ù§Ô∏èüí™‚õ±Ô∏è‚õ±Ô∏è‚õ±Ô∏èüáÆüá©üí™üôè,2025-04-27T01:10:38Z,0
UgwwYp6EEayeqynYuhl4AaABAg,@KornelisSigin-gj8lr,"Tdk ada pikiran yg menyamakan Prabowo subianto. Dan Gibran. 
Ini sangat cemerlang,  di minta Malahan Gibran diminta mundur, 
Memang suara orang Kalah Pilpres.",2025-04-27T00:43:15Z,0
UgyhT4dJBZRdOLax2ex4AaABAg,@MugimanNabire,Mantab bapak presiden kita Prabowo di jiwannya ada ratu adil immammahdy takbir allohuakbar,2025-04-27T00:13:37Z,0
Ugzaqw7hyBpyCmbksip4AaABAg,@PoedjieLaksono80,"Saya kesini bukan mau nonton videonya, tapi cuma mau bacain komentar2nya, sumpah saya ga bohong!",2025-04-26T23:20:54Z,0
UgxNZcs7Bo3pYc3xagx4AaABAg,@Elansutarlan-v5j,Prabowo ternyata gak sekuat imagenya,2025-04-26T21:45:37Z,0
UgxnFQCeWon7mxZ6Ukp4AaABAg,@SamsuDin-h6q,"Polisi jalanan menjadi musuh rakyat petatufan uu perampasan aset  rakyat dim situasi ekonomi lemah 
Tks .",2025-04-26T20:36:36Z,0
UgzRKPiptx9Hd8gTfot4AaABAg,@firdausmuhammad6129,apaansi ga nyambung wo,2025-04-26T20:02:47Z,0
Ugw9hN72246Gwubb2tt4AaABAg,@agustinusjho3816,ini yg buat orang yg tidakkalah selalu mau morusak hubungan perabowo dgn jokowi ini sipat dendam yg di bangun oleh purnawirawam sekarang .sudah partai politik juga dendam molu .tolong bersihkan juga jurnalis gadungan sekarang kasian kami masarakat yg bayar gaji mereka uwartawan harus baik buat bangsa ini,2025-04-26T18:19:13Z,0
Ugxws1XMi6-AUjnttUN4AaABAg,@agustinusjho3816,tolong pak porabowo jgn mundur maju terus,2025-04-26T18:08:00Z,0
UgyV7OIoQZdmUC7suXl4AaABAg,@yadijajag,Jdlah presiden RI maju ynk mlndungi masyarakat Indonesia maju skrg,2025-04-26T17:37:48Z,0
UgzVEkqqtGLvLjo2E4B4AaABAg,@syamsulhuda242,"Hidup dibawah naungan pohon mangga malah kejatuhan buah mojo  alias gk tepat sasaran,,,,,  , mantab.",2025-04-26T15:25:09Z,0
UgwR5azm0lVZihN7s8V4AaABAg,@razahra6181,"Mba nana di sini suaranya udh bergetar, tapi perjuangannya gak gentar :) beliau ttp menajamkan pertanyaan,, panjang umur mba dan setiap kebaikan yg diperjuangkan 1:31:50",2025-04-26T14:58:24Z,1
UgzDjKpr36teos-_KDx4AaABAg,@islapuff-mr6re,iya maju terus pak pres dan wakilnya jangan dengarkan suara suara syetan yang nggak penting nggak jelas,2025-04-26T14:26:25Z,0
Ugzp2GqZjFCHBgyHq414AaABAg,@NunungNurdin-v5g,Kabar koruptor sepi udahpadangembalin cara diem diem kali,2025-04-26T14:18:37Z,0
UgxU4taHx4FDAsMuJgh4AaABAg,@NunungNurdin-v5g,Pupuk mah Al insek mahalpungisidamahalmakinsuusah ngomonggampang nyatanya OMON OMON dodol,2025-04-26T14:14:11Z,0
Ugy4Xoj-gEiXPp6o2894AaABAg,@dna_pudu,"2:15:53 what? kalo yg kasian cuma anaknya koruptor, terus ga kasian gitu sama ribuan lebih anak Indonesia?",2025-04-26T11:51:23Z,0
UgxE9I8MrmeOt_weJxh4AaABAg,@HarmenaKatili-v6l,"Assalamu'alaikum,,,min sy minta tolong sampaikan kepada BPK presiden yaa jgn lupa lbih d perhatikan lagi rakyat pedesaan bahkan desa-desa yg sudah lama GK maju padahal bantuan begitu banyak namun sampai detik ini belum ada bukti karyanya",2025-04-26T08:54:57Z,0
UgyZ0tGMMTU4Yv26kah4AaABAg,@Pergaulantambung,"Rakyat yg memilih presiden dan wakil presiden, kenapa purnawirawan TNI yg mau mencopot pilihan Rakyat, Rakyat RI, yg berhak karena Rakyat yg memilih,",2025-04-26T08:44:23Z,0
Ugy6eyc5Uxaze_sBA6B4AaABAg,@Ekyjantoek227,Mbaa nana paling thebest ngasih pertanyaan nya mewakili sekali,2025-04-26T07:57:47Z,0
UgxiyQvuW_ZL6007uXN4AaABAg,@IswahyudiYudi-fy1ql,Petani ingin makmur pak tolong harga pupuk harus murah terjangkau  peralatan pemerintah membantu air dari irigasi ada  baru makmur petani  seperti Vietnam   seperti jaman Suharto baru hebat jangan ada koroptor pada petani,2025-04-26T07:43:54Z,0
UgxcVjzhgzHvDDHOc9J4AaABAg,@musafir7189,"Ya Allah,, Aku berhasil menonton video ini sampai akhir, SAMPAI AKHIRRR.
Enggak nyangka aku sekuat itu!",2025-04-26T06:24:41Z,0
UgxLKqWl1010lukY0J54AaABAg,@MisbhahulMunir,Punya presiden gini amat yakü•≤,2025-04-26T05:14:10Z,0
UgwhMbBSaSkWSID1eS14AaABAg,@MitraSembako-g4g,sayah maap bukan orang pintar tapi prekdisi tepat salah pilih hacur negara,2025-04-26T01:18:54Z,0
Ugwp05z5slJEsZVZ5bR4AaABAg,@MitraSembako-g4g,maap jurnali yg terhormat jg hanya bicara dimeja tapi harun terjun kelapangan itu penting tujuwannya kortrol jg sampai bicara dimeja A pas di lapangan B selanjutnya mukin lebeh paham salam ra.yat jelata,2025-04-26T01:09:48Z,0
Ugyc8UG2eBnmdAc8c7R4AaABAg,@Ronaldreagent8918,Selamat menikmati presiden pilihan andaüòÇüòÇüòÇüòÇüòÇ,2025-04-25T22:49:29Z,0
UgyqKpBIOrS02HP1x1t4AaABAg,@zulfikarawan9663,Angin,2025-04-25T22:13:37Z,0
UgwYAzoqCS3s-m_RnQd4AaABAg,@TrimoMukti-m6w,Harga hasilpetanimoncrot sepertisingkong.,2025-04-25T21:10:27Z,0
UgzMy0NHGo5aH2iASCF4AaABAg,@royprayogi,gak kuat sampe selesai isinya omon omon.............ngantuk bikin mual üòú,2025-04-25T20:52:09Z,0
UgyktUIgvsfhpT1wnup4AaABAg,@LinLin-b4b,Terutama menteri pendidikan dan kesehatan beri teguran keras...utk  sekolah n kesehatan gratis tdk berjalan,2025-04-25T19:13:25Z,0
UgzGdfymxYIbpPPr0_d4AaABAg,@LinLin-b4b,Teori aja bisa ..yg penting sekolah gratis sampai sarjana. Dan kesehatan juga gratis..itu baru memelihara rakyat..buktikan  setahun kepemimpinan anda..,2025-04-25T19:11:19Z,0
UgyB5a11l9lhgpB7y9V4AaABAg,@arhamcemare8678,Pak presiden Prabowo sangat obyektif,2025-04-25T18:40:28Z,3
Ugz7EZsHi8eQGFDxmS14AaABAg,@farelemeraldi7716,Polisi atau yg okunum  di pct sja  sbb mereka TDK peduli dgn akibatnya hanya uang uang di otaknya sahkan UU hukum mati korupsi prampasan aset baru bisa sjatra,2025-04-25T16:31:59Z,0
Ugwi_nxZ06SMUXiUdQ94AaABAg,@TriYanto-ir3ku,"Jangan hiraukan merekapesiunan yang dimtori megawtsi rajakorup
Ingin bebas semua aktornya BPK presdtetap pegangkomitmen sendiri partai wong ciliktapi part wong licik",2025-04-25T15:53:44Z,0
UgzmyJJTBHhtmwvTVMN4AaABAg,@daffaghifari8941,"Presiden terbaik sampai detik ini adalah pak Jokowi,di setiap pidato dan wawancara sperti ini beliau jelas dalam menyampaikan gagasan ,,perbrdaan nya sama presiden saat ini 10/5",2025-04-25T14:58:09Z,0
UgzATmeP3vsjh07hQxB4AaABAg,@henrikenikolaus.sinaga9955,"Ibu Najwa yang terhormat , saya henrike nikolaus maaf kalo saya kurang sopan .
Di sini saya ingin meminta bantuan Ibu perihal penipuan pak terhadap keluarga saya yang telah di tipu pak .
Mohon belas kasihannya pak .
Terimakasih",2025-04-25T14:37:03Z,0
Ugxg-Pwz_vH30bWVzXB4AaABAg,@ikunnasi4843,Presiden jawabanya gak ada MUTU..!!!!!,2025-04-25T14:33:12Z,0
UgzkSshx85bVnp7dHPt4AaABAg,@bwxcrew,"Saya sebagai perwakilan seonggok pemuda di pegunungan himalaya, mengucapkan terima kasih atas diskusi yang sangat interaktif ini üòä",2025-04-25T14:28:38Z,1
Ugwu_6B7dA2c2q6m3Jl4AaABAg,@RadenDoaibu-x9f,Asalamu'alaikum,2025-04-25T13:52:48Z,0
UgwRIn50F7JFVx8XI994AaABAg,@RosEffendi,Ngomong opo o ngomong opo oo...,2025-04-25T13:19:03Z,0
UgyW0O_DQlDiq0Pb04V4AaABAg,@RosEffendi,Apa yg ditanya tadi apa pula yg di jawab bapak ini. GK ngerti saya. Sudah banyut ke mana mana pak pak pak...üò¢,2025-04-25T13:09:01Z,0
UgzF1WG6idP3yhXdInN4AaABAg,@lynnndong2398,Saya sampe ketiduran jadi apa substansi dari vidio ini,2025-04-25T11:47:18Z,1
UgwQjBQ1H4udwSB7CsR4AaABAg,@soekrisna2329,JADI TINGGAL SAT SET MENGIPLEMENTASIKANNYA BAPAK KALAU SEBELUM PELANTIKAN SUDAH MENYIAPKAN DRI BAGI TUGAS DENGAN MENTERI TINGGALEVALUASI KERJA DITANGAN PRESIDEN SEBAGAI PEMIKIR AGAR UMKM JUGA TIDAK JALAN DITEMPAT  .,2025-04-25T11:20:09Z,0
UgziBDx3Mp56WdVMuWN4AaABAg,@nanaxmltv,Paling bener Indonesia Balikin lagi Ke Pemerintah Belanda.,2025-04-25T10:36:48Z,0
UgyLmOluLyrUXDR6qSJ4AaABAg,@ahmadamirrudin8355,Sangarnya gx sesuai dengan awal nyapres...wes kecewa berat...maaf saya gx ikut milih...,2025-04-25T10:23:32Z,0
Ugz46gODkoHy0KjCG354AaABAg,@gosoeling9209,Banyak kuncinya,2025-04-25T09:19:32Z,0
UgxsZy7-z2VCs9I4HK54AaABAg,@gosoeling9209,Kibul trus.,2025-04-25T08:56:42Z,0
UgzKiwexzPonv2hVzQV4AaABAg,@RusmanaSolehudin,"Pak Prabowo itu mmg BKN org jumawa dan lupa kacang akan kulitnya,sorga pemerintahan BPK sukses dan didampingi oleh pembantu"" bapa yg kredibel di bidangnya...gpp PK jgn merasa rendah diri kita belajar dari senior kita yg baik",2025-04-25T06:11:11Z,0
Ugxp0f_ajg0tW9_b_OR4AaABAg,@hasannudin5140,"Meskipun Hakim diberi gaji tinggi kalo mentalitas tidak baik maka hukum tidak baik, terbukti hakim yang tertangkap adalah bukan hakim yang miskin.
Seperti Ketua Pengadilan Hakim Agung di MA.
Sehingga tidak menjamin dengan gaji besar untuk tidak korupsi (ini terbukti &  nyata) üòÇüòÇ",2025-04-25T03:01:01Z,0
Ugyj5f5wxWqlc-OFcTp4AaABAg,@Gabriella23748,Aku berdoa sudah ada di titik mendoakan Indonesia raya,2025-04-25T02:13:04Z,0
UgxIlVT6KaoAfTtgmad4AaABAg,@roed74,"Kena azab apa republik ini,sampai2 di kasih pemimpin yg sprti ini",2025-04-25T01:50:11Z,0
UgwpygVK22XysJ-tKMZ4AaABAg,@septemberseptiaji,selaras,2025-04-25T01:47:46Z,0
UgwP8YwpH2lgKXO3H-Z4AaABAg,@septemberseptiaji,ibarat rakyat sehat negara  kuat pondasi pemimpin yg punya prinsip,2025-04-25T01:47:02Z,0
UgyCuNuepg6iNh7w89R4AaABAg,@papahkenzy,videeo pengantar tidur,2025-04-25T01:40:02Z,1
UgxaX6GZj2b9WSppUVx4AaABAg,@maestroadiluhung7402,Rehat mbah.,2025-04-25T01:25:26Z,0
UgzVH_Ey51IpX1dOQyt4AaABAg,@azmitourandtravelnurazmiof1104,"Ketahanan pangan, optimalkan fungsi lahan yg kosong, dan optimaljan fungsi dinas pertanian, kampus, mahasiswa dan petani dan masyarakat dan TNI untuk bersama sama berjuang meningkatkan pangan yg berkwalitas utk memenuhi kebutuhan pangan utk rakyatnya",2025-04-25T01:16:28Z,0
UgxGTaVw0brQmnD27Wx4AaABAg,@azmitourandtravelnurazmiof1104,"Pak presiden, yg sangat mendesak perbaikan lembaga hukum, dan sumber sumber penerimaan negara diamankan, pengeluaran sebaik effisiensi dan effektif. Tutup semua kebocoran yg ada. Saya yakin bapak pasti tahu pak. Ini perlu keberanian yg lebih.",2025-04-25T01:12:05Z,0
UgzssxW7JvQmUgyn03h4AaABAg,@CahPurwokerto-p2s,Trus kapan pengesahan RUU perampasan koruptor di sahkan ini yg kita tunggu dari masyarakat pak.,2025-04-25T00:28:55Z,0
UgwJqI_2BAWCYkFioLd4AaABAg,@arifmuhammad2218,itu siapa yang di wawancara??,2025-04-24T22:03:52Z,0
UgyVVs5hr2PaeG59vLN4AaABAg,@Unoy09,"Membosankan dengan penjelasannya presiden kita, tidak ada yg masuk akal dari nyatanya di realita kehidupan di masyarakat. Kaya lagi membacakan dongeng belaka saja",2025-04-24T20:15:06Z,0
UgwFfQ8Z0XlmD_T6y1V4AaABAg,@muhammadiwan4392,NGGEDABRUS BICARA NGGAK BERMUTUNYA !!!!,2025-04-24T18:04:59Z,0
UgzJ-GrWk_o5js74bvp4AaABAg,@TamrinSiregar-f5p,"Man 
Tao PP a kn






O

Intat kamo nkami rakya kecil
L",2025-04-24T17:14:09Z,0
UgwJCw4Q9MNuUHNsMn54AaABAg,@EdwinLamasa-uq7mf,"Tolong pak sampaikan pada media media penangkapan narkoba tolong fotonya jangan di sensor.. Biar rakyat pastikan tersangka tidak ada di luar. 
Karna itu bukan unsur kekerasan dan seksual",2025-04-24T16:48:25Z,0
UgygOYMfKyVJbynoN494AaABAg,@hennyimeldasingarimbun552,"150 hari pemerintahan yang bapak pimpin , menurut saya bapak gagal",2025-04-24T16:43:53Z,1
UgwGD5j0Eonc2A5ui4x4AaABAg,@KaryadiYadi-v1c,"Yang terhormat semua yg Ada di tempat tersebut harapan kami sebagai masuarakat Keil jangan sampai di jatuh bangunkan perekonomian Dan keamanan,karena kami banyak yg jatuh bangun dalam usaha kecil kecilan hingga sekarang  harapan kemajuan dan kemakmuran kami ekonomi kecil jadi sasaran kemakmuran pemerintah semoga pemimpin Indonesia sehat dan walafiat amin",2025-04-24T14:50:56Z,0
UgzdJit0Q-Z8KIhIpyZ4AaABAg,@Nofacerf,Udah muternya?,2025-04-24T14:39:26Z,1
UgwE7az-rvb0P39TsrJ4AaABAg,@agussalim5333,Sangat bangga kepada bapak H. Prabowo Subianto mendengar jawaban2 di berikan tampa konsep semoga sehat selalu dicanangkan u.urnya Aamiinn  YRA,2025-04-24T14:39:22Z,0
Ugy6cBQoIlgdb3c19dd4AaABAg,@muchammadsalsabila2679,Sehat selalu pak presidenüëçüëçüëç‚≠ê‚≠ê‚≠ê‚≠êsukses dan lancar juga tegas kedepan maupun backnya semoga dan rakyat NKRI akan mensuport Mr presiden ‚≠ê‚≠ê‚≠ê‚≠ê,2025-04-24T10:05:38Z,0
UgwFx72FZA6G7BeZ06R4AaABAg,@muticollege,"Mbak najwa: ""gw diam tapi hati gw tadarus""",2025-04-24T10:04:25Z,0
Ugzb_O31hfcR5EAAYIF4AaABAg,@muticollege,"Heh gw sbg yg ga pakar linguistik tapi bicaranya sama mbak najwa nadanya naik üòä salah satu bentuk perlindungan jika manusia terancam, aoakoakaoaoa, terancamkah?",2025-04-24T10:03:31Z,0
UgyysMepwjtovv_qemt4AaABAg,@muticollege,"Heh suruh Pak Prabowo baca animal farm yah, kesel gweh",2025-04-24T09:52:53Z,0
UgzaAttVA5zal6b1TNJ4AaABAg,@muticollege,GW SEPANJANG VIDEO MO KOMEN ASLINYA...,2025-04-24T09:50:51Z,0
UgwQratEKXQB3B2ZKT14AaABAg,@muticollege,Kek nengok bapakku cok... üôèüò≠ capek bngd,2025-04-24T09:48:33Z,0
UgwdVj0OTcHM04oVerx4AaABAg,@muticollege,"OBJEKTIF¬≤ TAPI NUDUH ORG BYR BUAT DEMO, YAWLOH PINTARNYA PRESIDEN SEBIJI NI",2025-04-24T09:46:40Z,0
UgxaAIiQ5IY5gwyxBmN4AaABAg,@muticollege,Fenomena alam manusia ... frasa barukah?,2025-04-24T09:19:40Z,0
Ugz3kAjWKQ_lpqyTRRF4AaABAg,@muticollege,"""Presiden Prabowo Yapping"" adalah judul yang tepat",2025-04-24T09:12:49Z,1
UgwujBdlfGsfHDF_JMh4AaABAg,@bieh892,Cz,2025-04-24T09:03:06Z,0
UgyjhMdZEEz6YCPoB1t4AaABAg,@ngusngusgaming,"bohong semua itu, kayak pas jokowi mobil smk dn alat tani",2025-04-24T08:56:27Z,0
UgwL219Bsp3XXHnRg3t4AaABAg,@renosumarno,Berfikir POSTIF Insha'Allah bpk Prabowo jiwanya Iklas,2025-04-24T08:43:33Z,0
UgzfT37EGz8om9vEguh4AaABAg,@andreasbudiputra,Apakah terjawab???,2025-04-24T08:27:05Z,0
Ugx3SK_5FHVPv0nbG8Z4AaABAg,@Sukagame5100,"Kemana harimaunya mbak najwa  , sekarang ko tidak kritis lagi malah jadi kucing dalam kandang yang lucu",2025-04-24T07:14:26Z,0
UgwYt0MKfZFFcfbR4GN4AaABAg,@Singgih_Chan16,Mana yang belum nonton full tapi udah komentar --->,2025-04-24T07:02:33Z,0
UgwpZoQaFUFyG62kFT94AaABAg,@arzhapraditya7974,"Maaf temen2, perjuangan saya berhenti di menit 20:23. Semangat buat temen2 yg masih lanjutin milestone nya.

Saya berhenti sebelum check point 1jam. Serangan mata kriyep2 nya sungguh luar biasa.",2025-04-24T06:47:41Z,0
Ugx09CNSaq5MHcFStEh4AaABAg,@AyaSukma,"ini isinya apaaaaa, mb najwa terimakasih telah upload video ini membuat rakyat indonesia lebih aware",2025-04-24T06:40:39Z,0
UgzQC3ZVOA1TwkGyzAp4AaABAg,@Kenzie_221,yapping bgt,2025-04-24T06:15:15Z,1
Ugw0Pd2udQE8lnuRoI94AaABAg,@rezaaes4997,nonton jumbo sbnrnya dmna sih,2025-04-24T05:44:44Z,1
Ugx54LDAVaiC5GduJmV4AaABAg,@biliktimur6709,"""jokowi sangat membantu sy"" mengubah konstitusi dan lain lainü§≠",2025-04-24T05:14:47Z,0
UgxIeAdN6_5XEAE3WSx4AaABAg,@mailsangaji2521,Kunci sukses pemerintahan merah putih di akui bila hak-hak para pensiun yg sudah baxak uzur dn tdk berdaya di berikan uang PESANGON sehingga bisa hidup sejahtera dan bahagia. Bukan dimiskinkan dn di biarkan.,2025-04-24T04:31:14Z,0
Ugwfe8iRWOFSttEIKql4AaABAg,@mailsangaji2521,Kunci sukses pemerintahan merah putih di akui bila hak-hak para pensiun yg sudah baxak uzur dn tdk berdaya di berikan uang PESANGON sehingga bisa hidup sejahtera dan bahagia. Bukan dimiskinkan dn di biarkan.,2025-04-24T04:30:15Z,0
UgyM9IZXXcf5XblNilp4AaABAg,@ahmadnabilalkahfi-nc2xp,"Siap! Ini versi komentar yang lucu tapi tetap sopan:

""Pak Prabowo itu kayak WiFi kenceng‚Äîkalau udah nyambung, semua jadi lancar! Tegas, berani, dan kalau senyum tuh bikin rakyat adem. Indonesia aman, emak-emak tenang!""

Mau yang lebih nyeleneh atau ada unsur meme-nya juga bisa, tinggal bilang aja! , makasih pak",2025-04-24T03:02:57Z,0
Ugy4wdSJFo1kdoyYYyV4AaABAg,@riniwahyuni8340,"gw cuman bertahan 15 menit dengernya, abis itu ga kuat nguap terus bahaya ketiduran üôà",2025-04-24T02:08:15Z,0
UgzjyNS7RW4t6_WVlg14AaABAg,@ArJustHuman,Absolut turu,2025-04-24T01:30:08Z,1
UgxK3ZLvs-FpBH8Oqfh4AaABAg,@AGrasis1,Aku nyerah,2025-04-24T00:29:50Z,0
UgxhjEv6DWHzlogTgo94AaABAg,@joesoefnugraha7708,Rungkad,2025-04-23T22:46:30Z,0
UgywGvsjTiutWtc8jCR4AaABAg,@tonyafandi3713,Ngantuk...ü•±,2025-04-23T22:32:24Z,0
UgzvvwDGMj5suHD6kzl4AaABAg,@mamakbapakJangkrik,"percuma kekayaan Indonesia berlimpah jga klo rakyat blm sejahtera, korupsi merajalela rakyat makin susahh!!!",2025-04-23T20:58:38Z,0
UgyY2WXLX98j-4sI11x4AaABAg,@SyamsulS-vl9kk,Inilah presiden  yg omon omon kosong yg pidato banyak  kosong,2025-04-23T17:57:21Z,0
UgyrTN-egrUML_rYTJp4AaABAg,@TursinahTursinah-i9x,Memang betul ank muda mals jd petani panas panasan kotor dekil  jadi yang jd petani. Ya orang  tua yang dikampung  betul banget cocok jawaban ya nyambung pk persiden pk prabowo pengalaman   nya banyak banget,2025-04-23T17:50:42Z,0
UgyDgH3TJ0EVL_IsF8x4AaABAg,@Suwandiwandi-gb5ov,"Saya ikut gembira nonton pertemuan bp Prabowo
engan para jurnalis‚ù§",2025-04-23T16:32:24Z,0
UgwjTccPjGI3xrhvbRZ4AaABAg,@SuhardjoSastrosugiman-k3n,Untuk swasembada energi dgn EBT yg NZE dikatakan sangat2 mahal dan sepertinya diakui oleh beberapa pihak. Apakah beliau2 pernah mempelajari kinetic energy lain yg bersih tanpa residu dgn output harga yg murah dan aman untuk lingkungan?. perlu kiranya kita kembangkan energi nasional untuk   kedepan mengurangi ketergantungan dari pihak luar.,2025-04-23T15:58:04Z,0
UgzJwm2KDRQihaH4N2B4AaABAg,@AbdAzis-d8c,Di Kalimantan timur  tolong di perhatikan mulai akses jalan dan air serta pupuk belum ada semua itu,2025-04-23T15:49:28Z,0
UgzvzMjsvMWLuqRLrop4AaABAg,@ZulMarlis-qt2ef,"Masalah intern yang harus dibenahi, seperti Gibran yang menduduki jabatan Wapres banyak orang yang tak setuju, karena dia seorang anak yang baru gede yang masih bau kencur, dan juga belum banyak pengalaman maupun wawasan. Jadi selayaknya Gibran di ganti sebagai Wapres, karena menurut saya Gibran tak pantas menduduki jabatan itu.",2025-04-23T15:42:21Z,0
UgxTNMG5YbXV-W-h3Qx4AaABAg,@matthewedits001,Goddamn,2025-04-23T15:27:40Z,0
UgwBDOSXwRsQAScNRNp4AaABAg,@matthewedits001,Lord have mercy,2025-04-23T15:18:11Z,0
UgyeBFdgRR-RqHv5DTZ4AaABAg,@kacamobaja1709,"Berkali-kali nyalon presiden. Gagal nyalon lagi. Gagal nyalon lagi akhirnya duduk juga jadi presiden.  Dulu pernah terfikir apa sih alasan bapak satu ini ngotot jadi presiden.. Eh sekali duduk jadi presiden baru 150 hari masa kerjanya. Malah gini hasilnyaüòÖüòÖüòÖüòÖ. Kirain gg
Kacau",2025-04-23T15:11:12Z,0
UgyA9ga-RnGW25VeE0J4AaABAg,@matthewedits001,Demi apa?,2025-04-23T15:04:16Z,0
Ugz2mKd894R5P5juGDV4AaABAg,@MuhammadDucha-mj9ph,"Dari dulu cara pidato prabowo ya kayak gitu,gabuk tak ada isinya.omon omon omon,panjang lebar,tapi hanya cerita tanpa fakta.inikan cuma laporan pembisik pembisiknya.belum tentu dia turun ke lapangan.",2025-04-23T14:54:36Z,0
UgyhPsCMYaKfzLbZsER4AaABAg,@santaisejenakbos,"saya yakin para jurnalis ingin sekali mengutarakan yang sebenar benarnya dan mengeluarkan unek"" masyarakat namun beliau"" hanya mampu berucap istigfar dalam hati",2025-04-23T14:54:30Z,0
UgwJmSL-7dfj2a0ucJZ4AaABAg,@mast7506,Saya lebih prihatin dengan para jurnalis yang harus hadir secara langsung. Setidaknya kami para penonton dari youtube masih bisa diselingi dengan iklan.,2025-04-23T13:54:05Z,1
Ugx3cfmStdW_mzqoo8N4AaABAg,@Muchtardaulay-l2p,Mantap,2025-04-23T13:34:36Z,1
UgzWcKEShqwITX9N6O14AaABAg,@Thedangduters,Briliant waow...luar biasa kalian 58% yg sudah memilih.,2025-04-23T13:09:14Z,3
UgwM9cVHQxXBY9Ez0Ht4AaABAg,@trimulyani8299,Redaksi tempo gak diundang ?,2025-04-23T12:57:35Z,1
UgzcQfC09QEjg620xCZ4AaABAg,@EvryDust_1,Dahlah,2025-04-23T12:55:40Z,1
UgwQtaIWITUXYSbbFgl4AaABAg,@overlord_id2562,semakin hancur negara ini üò≠üò≠üò≠,2025-04-23T11:34:51Z,1
UgwD9zZOmjpoQFv-6_x4AaABAg,@OksaReza-iw8ib,Bicara sedikit sebut Jokowi memang nya itu dewa.,2025-04-23T10:36:03Z,0
UgzBPd2q2HxIRVy3aUd4AaABAg,@punciy,"Videonya cocok untuk merayakan April Fools, applause untuk narasumberüëèüèª",2025-04-23T09:38:35Z,0
Ugx2AT5upgXVjvxD3e14AaABAg,@gurita44-ru9bu,"Gue sih udh di posisi  ahh yg penting msh bisa mkn, kemajuan infrastruktur yg dirintis pa jokowi dinikmati bnyk org. Lu mau se ideal opo sih selama korupsi masih ada dan koruptor  ngga dihukum mati ya susah. Mau kayak cina udah siap blum kebebasan berpolitik dihilangkan. Sekarang era pa prabowo yo wis kita kasih aja kesempatan. Ngga ada yg ideal, even sekelas amerika aja milih donald trump, yg bagi sebagian rakyatnya aneh.",2025-04-23T08:25:18Z,0
Ugw8Bo2T31bWD7JIdIF4AaABAg,@Kyotaka-94,Omongan fufufafa relate gk siüòπ,2025-04-23T08:16:10Z,1
UgytaB6H2veAGNSbxVN4AaABAg,@andreasbudiputra,iya kan??? iya kan??? iya kan??? iya kan??? iya kan??? iya kan????,2025-04-23T07:30:31Z,2
UgyyzH5Wz2kSLmucqhR4AaABAg,@wayansengen9869,Kenapa pemerintah bisa kalah apakah kemanpuan hakim pemetah lebih rendah kebanding hakim lawan apakah kalah menang dapet duit,2025-04-23T07:24:37Z,0
UgxdVswE0BDa7fcyx5R4AaABAg,@farel6406,kok nangis sih pak? kenapa?,2025-04-23T04:19:43Z,1
Ugw7K5v_79TmQjyueOJ4AaABAg,@farel6406,"presiden gak ngerti soal semua masalah negeri ini, ngertinya soal militer doang asuu",2025-04-23T03:41:09Z,2
Ugx5Wwew9NX14pws91Z4AaABAg,@franpermana,Mantap Pk Presiden,2025-04-22T22:17:43Z,2
UgxMxtL__H64pD0UJ994AaABAg,@RahMat-fq3ue,Kabur aja duluüòÇüòÇüòÇ,2025-04-22T21:50:19Z,1
UgxRslYECFJXVzxtqqJ4AaABAg,@JackyBondan,Hukum mati koropsi pk..rakyat stuju....,2025-04-22T21:18:57Z,1
UgyrDbaZVTLgfa45lfp4AaABAg,@NiaYusniati06,jawaban yg tak sesuai dengan ekpetasiüòÇ,2025-04-22T20:43:42Z,1
UgwbRJb_uWB3H9A9H6x4AaABAg,@NOBODYMAN245,"Kasihan mentrinya d telepon jam12 malamü§£ü§£
Rakyat jam 12 malem masih ada yg cari nafkah,biar anak istri bisa makan ga kasian pak?",2025-04-22T19:18:42Z,2
Ugzsw-qF80dMFvnU90R4AaABAg,@NOBODYMAN245,Rigen ngobrol sama indra firmawan lebih berisiü§£,2025-04-22T18:46:42Z,1
UgyYGVUYzSQnepYsD9R4AaABAg,@NOBODYMAN245,Sabarrrrrüò¢,2025-04-22T18:37:28Z,0
Ugyg5t7rFdGNJO_gTm94AaABAg,@benedictusaditya5506,Ngalor ngidul ü•±üò¥,2025-04-22T16:28:03Z,2
Ugy3xvvicta2IxAXqPJ4AaABAg,@olimgorillaz9141,MACAN OMPONG!!!  Wkwkwkw,2025-04-22T16:06:36Z,0
UgxHSkLqLcmAdBMgzBF4AaABAg,@defristrevin3733,"Damn , presiden menanggung kesalahan anggota dia menjadi kesalahan dia.
That's amazing and wise",2025-04-22T15:23:14Z,0
Ugw4jgekfmQTI2nbpYt4AaABAg,@wahyutrimoko4144,"Semoga pak Prabowo selalu diberikan kesehatan, keselamatan, dan di lindungi dari segala keburukan, kedzaliman, marabahaya..ü§≤ü§≤ü§≤",2025-04-22T13:54:31Z,0
UgywIJkD2JUJa7ELO-14AaABAg,@zimzien,Ternyata 11/100 kebanyakan,2025-04-22T13:30:30Z,0
UgztManhAfZyE0lByMV4AaABAg,@PENGEMBARA786,"Entah kenapa ya, pak Prabowo yg bicara, ko kening saya yg mengkerut üò¢.",2025-04-22T12:33:50Z,1
Ugx7HRBKmH887OxXoFZ4AaABAg,@PENGEMBARA786,Baru sadar saya kl lg mendengar orang lagi berkumur-kumur berbicara üòÇüòÇüòÇ,2025-04-22T12:02:41Z,1
UgxNtBb-h3u5fYTfjS94AaABAg,@emyegeHehe,Udah yappingnya?,2025-04-22T11:48:48Z,3
UgyaRTTaauX0qpGxTqh4AaABAg,@evawelia7786,Ya Allah... salut sm kesabaran para jurnalist. Jihad abis ini...  maafkan sdh pegel tp isi nya so so... semangat para jurnalist ! üòÇüëç,2025-04-22T09:39:34Z,3
UgxN1LqRUSShldo37Sp4AaABAg,@What100M,"Omong doang padahal sudah ngetweet siapa yang korupsi akan dihukum mati eh pas sudah jadi presiden malah tidak sesuai dengan apa yang dibicarakan, mending pindah negara, hidup di negara broken ini percuma gak akan ada hasilnyaüòä",2025-04-22T09:32:13Z,2
Ugy6mafMta4lxMuJSbp4AaABAg,@EciArifianti,"Hampir semua komentar disini sudah mewakilkan pendapat sayaüòÇüò≠üòÇ untuk mbak Nana, proud of you mbak‚ù§ 
Dan bu Uni Lubis keren",2025-04-22T08:42:34Z,1
Ugw0S1gw8CPxzjVoPxV4AaABAg,@RudiHardani-q4c,‚ù§ Masyaallah subhanallah Alhamdulillah Allahu Akbar aku sudah mendukung sp untuk memajukan negara republik Indonesia ini semoga sang Satrio paningit dapat memakmurkan dan mensejahterakan rakyat Indonesia ini Aamiin semoga bermanfaat untuk kita semua waallaikum salam warahmatullahi wabarokatu Allahu Akbar ‚ù§,2025-04-22T08:38:28Z,0
UgxQMkqL_90YD-Ld1Sd4AaABAg,@RudiHardani-q4c,‚ù§ assalamuallaikum bismillahirrahmanirrahim terimakasih atas informasi dan afirmasi kebaikan boleh Negara itu kaya tapi jgn sampai menyakiti rakyat miskin karena negara yang kaya ada lah negara yang makmur dan sejahtera dan tidak ada lagi rakyat nya yang miskin semoga ini bermanfaat untuk kita semua Aamiin waallaikum salam warahmatullahi wabarokatu Allahu Akbar ‚ù§üòä,2025-04-22T08:34:44Z,0
UgztlOfWFY32q0gqCoh4AaABAg,@Foryoutoofriend,kok malah jadi  bosan dengar nya,2025-04-22T08:29:08Z,1
UgzZJ5GYetuh53rSQSV4AaABAg,@MuhammadRizki-gm1cu,"saya menyerah, baru menit 14:42 sudah ngantuk mohon maaf gk bs sampai akhir",2025-04-22T07:33:31Z,0
UgwWnqWW5asP9lXhrMJ4AaABAg,@MisterNdutOfficial,"1:54:37  saya fokus gesture2 pemred *salfok bahasa tubuh dsb 
Semangat pemred  pegang teguh Pilar ke 4 demokrasi 
Sehat2 pak prabowo ..lanjut",2025-04-22T07:26:26Z,1
UgyvQi8nO1DHFae5Uxx4AaABAg,@vascoshot1,"Ibarat jalan 10kilo, jadinya 1000kilo, muter¬≤ dulu jawabannyaüòÖ",2025-04-22T06:41:55Z,0
UgzNdZhJM9cXKT9NT0N4AaABAg,@owkeydowkey,"Mantap pak prabowo, Gaslightnya luar biasaüòÖ",2025-04-22T04:31:13Z,0
UgyX_oMtOHnRd7MuoC14AaABAg,@imams6498,Sehat terus pak Prabowo @prabowo,2025-04-22T03:28:08Z,0
UgzqoUuzMj92fbpuBhh4AaABAg,@mochratno9783,Ingin tahu banget pendapat dari sudut pandang  Bu Najwa Shihab untuk kasus Oci/taman Safari tentang kebiadaban pemilik usaha pada pemain sirkusnya üôèüèª,2025-04-22T01:01:29Z,0
UgwDCw2PD5QURkDBcEp4AaABAg,@surabayaexxis6623,Bangga menjadi pemilih Anies Baswedan,2025-04-21T23:54:10Z,0
UgyYoeeJBjAtwk9yDKd4AaABAg,@Zidanzidqn,üòÖo,2025-04-21T21:32:05Z,0
UgwMkmb-_fPtsWg0ogZ4AaABAg,@kgalihs,"pertanyaan nya sangat bagus-bagus, macam-macam dan detail, jawaban nya sabu, narkoba di bolak-balik doang",2025-04-21T21:16:27Z,0
Ugya3H1NM2ouuMN8HGd4AaABAg,@muhammadrivaldy9702,"Hiduuupp jokowiiiiii...!!!
Hiduuupp koruptor...hiduuupp   mafiaaa ..hidup 9 naga...!!!
Hidup rakyat melarat....!!!
Muakkk...",2025-04-21T18:26:01Z,0
UgzTykaix8xnWlXQsxp4AaABAg,@AgusTasikmalayaAgus-pp3zl,"asalamualaikum yg sya mulyakan dn hormati dn hti fnh doa dn ksih  dn termkasih atas fercrahan yah atas bfa fesiden yg smuah banggakan dn smg ini atas ijn Rido alah bfa bsa ,beli bibit tnaman yg bgus dn ini sngt fenting bgi kita smuah dn bibit yah bgus di tanam di negra kita ini fasti hsil yah baik dn subur dn fufuk yah murah tfi brang yah berkewalitas dn smg ini kedefan yah sukses dn smg cfat ambil hsil yah dn smg kotayah mju fnh syum dn smg warga yah bhgia amin dn smg smuayah alah berikan sht walafiat ,üåπüôèüåπüòéüíÖ",2025-04-21T17:21:54Z,0
UgxYYVqGLzlTHVMbbnB4AaABAg,@satriowirang7308,Presiden cap opoooooo Iki?! üòÖüòÖüòÖüòÖüòÖüòÖüòÖüòÖüòÖüòÖ Cocok ancen duet Karo Mulyono. Jayalah negeriku!!!!,2025-04-21T16:58:58Z,0
Ugym14nmXyCUMOuWRAR4AaABAg,@andrytanjaya9706,Rapat para gorosei,2025-04-21T16:45:27Z,0
Ugy2-CnYv_ymriJqocN4AaABAg,@safirandilaleng8045,Liatlah presiden kt skrg asal bicara alias omon-omon,2025-04-21T16:31:55Z,0
UgzNGTyrEbiChxDFwGd4AaABAg,@thegaz2449,"‚ÄúApakah Danantara bukan sekadar proyek geopolitik ekonomi, melainkan laboratorium supremasi intelijen komersial yang digagas oleh koalisi diam antara taipan Asia Tenggara, eks-koruptor terputih bernama Thaksin, jaringan shadowbank Silicon Valley, dan dua eks pemimpin dunia dengan legacy unfinished business (Prabowo dan Trump) ‚Äî di mana seluruh narasi ‚Äòtarif ekspor-impor, lisensi, dan TKDN‚Äô hanyalah cover story untuk melakukan negosiasi barter aset digital dan kepemilikan sovereign wealth fund lintas benua dengan konsekuensi tak terbalas dalam kurs waktu geopolitik?‚Äù",2025-04-21T15:13:23Z,0
UgzTqJcQzkRDO1vp4Yp4AaABAg,@IrfaKhafi,Semoga solusi g cuma omon2...aja...,2025-04-21T14:34:51Z,0
UgxZvCqin3Xiaeb2KWJ4AaABAg,@hendrasaputraadiko8888,Alhamdulillah ü§≤ sehat selalu bapak presiden ku ü•∞,2025-04-21T13:32:47Z,0
UgwT8eMoeYzRiGoE1aJ4AaABAg,@RizqiPutra-j2q,Koruptor pada tertawa ü§£ü§£ . Karna gk ada hukuman mati,2025-04-21T12:07:56Z,0
UgyWZppyEULMrk9VPc54AaABAg,@yudistirapratama6816,"menit ke-30 aja udah males nonton nya, dari setiap pendapat nya keliatan beliau pusing jg jawabnya, aneh",2025-04-21T10:14:27Z,0
UgyT1ZbFN2IbpStOhVB4AaABAg,@alongmaniafishing,"Desak dpr dan sahkan dulu undang‚Äù perampasan aset koruptor dan dimiskinkan pak 
Karena itu landasan utama saat ini yg diperlukan untuk pembuatan undang‚Äù selanjutnya 
Percuma dibuat undang‚Äù baru atau memitigasi sistem baru 
Karena dasar pengawasan undang‚Äù sendiri masih lemah 

Selama undang‚Äù perampasan aset dan koruptor dimiskinkan belum di sahkan 
Kebocoran selalu masih besar 
Bahkan badan pengawasanpun berani untuk bermain",2025-04-21T09:08:56Z,2
UgyK3_QW4tWyxbeSVcV4AaABAg,@sarathalia.s7152,"Luar biasa Pak Prabowo, sehat selalu, diberikan hikmat kebijaksanaan dari Tuhan dalam memimpin negara Indonesia",2025-04-21T06:20:34Z,0
UgxchKSqtBlt-aM0dRJ4AaABAg,@yuli34347,terimakasih mbak nana sudah menampilkan video ini ke publik saya tidak tahu akan selesai menonton nya atau tidak karena baru di menit 10 saya merasakan reaksi yang sangat luar biasa yaitu ngantuk parah karena dongeng sang pemerintah yang katanya dia bahagia atas kinerja nya,2025-04-21T06:00:46Z,9
Ugw99A9bU9kh8nsRc7B4AaABAg,@NoName-r4s8p,"Dari sekian komen, isinya mengkritik cara menjawab presiden, dan... 
Kebanyakan orang yang membela presiden, komennya berada di dalam  komentar orang lain. 

Saya ingin tanya, menit berapa perkataan presiden yang bisa membuat kita bangga??",2025-04-21T05:35:30Z,2
UgxEUscCjGWB0BAVlvV4AaABAg,@ovaexa,vibesnya tv 90an bgt,2025-04-21T05:06:03Z,2
UgxixNcXZfOGUh-GMDh4AaABAg,@S_XIAOTING,"Yang di tanya PENCAPAIAN malah ngadongeng ke mana¬≤üòÖ.  

Kebanyakan Ngerumpi pemerintah sekarang.jadi eksekusinya tidak terlihat.",2025-04-21T04:20:23Z,1
UgwA84OH4vtrrG3MNkF4AaABAg,@habibhalim-rh5hd,"lama kali 3 jam, sepanjang ini vidio yg bakal gue resume di double folio banyak bgt pasti",2025-04-21T04:12:01Z,0
Ugx_Een0Wxux15oALOB4AaABAg,@AryoSeto,"Diskusi ini sepertinya cocok untuk menjadi tuntunan dzikir dan memohon ampunan, karena selama menonton saya jadi banyak mengucapkan istigfar",2025-04-21T04:04:49Z,0
UgybxVvD3azU0zW9pGN4AaABAg,@rsyuhada8966,Aa ee aa ee,2025-04-21T03:51:51Z,0
UgzlE1wvi6WTEdk2Loh4AaABAg,@NatanLasmidi,Merdeka semagat berjuang untuk bangsa indonesia dengan kerjasama dengan baik,2025-04-21T00:57:11Z,0
UgyIAvMIZGpPVKXDtwp4AaABAg,@newmindgeneration5678,"Sampai pada pembahasan mengenai hukuman bagi para koruptor, saya kira semua presiden tak bisa berbuat banyak, saya meminjam istilahnya Almarhum Gusdur : ""Tikusnya sudah menguasai lumbung"".",2025-04-20T22:58:46Z,0
UgxjXnHKd-kl0alSo-Z4AaABAg,@SalamaSalama-d1p,"Saya ngantuk nunggu jawaban,, tapi hanya omon omon, sepertinya presiden kita blum tau permasalahan di negriya",2025-04-20T22:31:53Z,0
UgwH6_VjZKIvVIfSfzJ4AaABAg,@minidrone30,1:47:58 SUPERSEMAR üòÇüòÇüòÇüòÇüòÇ,2025-04-20T21:00:47Z,3
Ugzm8iZvH1mEKBc6LcF4AaABAg,@igilhamrisaleh9026,4:28,2025-04-20T20:57:54Z,0
Ugz1zfmgtYxtwrV3uKZ4AaABAg,@pampam-tu8hj,Teruskan pak mensejahterakan keluarga KORUPTOR...,2025-04-20T20:06:33Z,0
UgwqiCAaFxPdmt8sr4Z4AaABAg,@anitafebri4774,"Males mau nonton, üòÖ",2025-04-20T19:36:34Z,0
Ugzg2vuSKWF5oDxEAw54AaABAg,@poworenjesabang,1:47:55,2025-04-20T18:17:02Z,0
UgzGB6fscWZ9ZKqw8e14AaABAg,@wiznurafael3608,Ternyata kosong üòÇ,2025-04-20T16:48:23Z,0
UgxSPzO2AGEKVExb-eB4AaABAg,@robbyalamsyah5935,"kalo lu susah tidur, tonton video ini",2025-04-20T16:43:42Z,1
UgzaOYc6reyJZIZX_3h4AaABAg,@AmiruddinZakaria-q6j,Sy sangat menaruh harapan kpd Bpk Prabowo Subianto sebagai Presiden  . Salah satu programnya berusaha menghilangkan kebodohan & kemiskinan. Sy salah seorg warga Indonesia yg masuk kategori tidak mampu. Yg pernah menerima BLT sebesar 600 rb perbln. Tapi sekarang sudah dihentikan,2025-04-20T16:35:28Z,1
UgwqWPdbs7rcFRM-A694AaABAg,@AmiruddinZakaria-q6j,Semoga Pa Prabowo sehat dan sukses dlm menjalankan pemerintahannya,2025-04-20T16:27:36Z,0
UgzuC7-5wL-HVWyAoWx4AaABAg,@xiorhamble6495,Balikin 3 jam saya,2025-04-20T16:17:16Z,2
UgyFm5PzvJMvPtdE_AV4AaABAg,@Heriantopardede-d1q,Bagus apanya pak? Nilai rupiah semakin melemah. Bukankah itu artinya ekonomi kita semakin memburuk pak?,2025-04-20T15:24:27Z,0
UgwvtDV9favwNW4OMwd4AaABAg,@Heriantopardede-d1q,Bagaimana tentang pajak pak presiden? Tolong di evaluasi lagi lah. Salah satu yg kami sangat keberatan yaitu pajak cukup tinggi dan satu hal lagi masa tunjangan hari raya juga harus potong pajak,2025-04-20T15:19:58Z,0
UgzdxRjSE_vvy7aDOiN4AaABAg,@HudaChoirul-u8w,Bukanya itu Presiden pilihan kalian ü§£,2025-04-20T15:02:50Z,0
Ugy-Yy0FGhPRdFXIfs94AaABAg,@MamasNgapak,cukup 1 kali periode,2025-04-20T14:59:07Z,1
UgyD8Mg4IO3p_xQmCDJ4AaABAg,@rifai1892,mul mul mulyono solololo,2025-04-20T13:33:48Z,0
UgxaEKzPnNLGvU5LnG14AaABAg,@gradasisemesta,"Pak masalah pangan itu gak mesti ada campur tangan pemerintah atau negara, terlebih jauh sebelum ada pemerintahan atau negara masyarakat secara individu bisa cari makan. Makanan pokok di setiap daerah juga beda beda, misal di papua sana makan papeda dan umbi umbian seperti singkong dan ubi, sekarang diajak makan nasi sehingga ketergantungan makanan pokok yg bukan budaya mereka.",2025-04-20T12:49:26Z,0
UgxEc1PLmVu-VorbKhV4AaABAg,@thoyilexzy1568,"Kenapa 7 orang ini sukses jadi Pemred , ternyata kuncinya bisa selalu menyenangkan dan sabar terhadap orang tua,... mendengar kan kata kata orang tua itu bisa membuat kita sukses.,.. ayo kita simak 3 jam semoga bermanfaat untuk esok mengingat bandingkan beban kita ternyata masih lebih besar beban 7 jurnalis terbaik ini 3 jam gak pingsan termasuk kuat dalam ujian.‚ù§‚ù§‚ù§",2025-04-20T11:49:59Z,0
UgyunUGOQ5P1xjTJe7B4AaABAg,@MayangSari-k3b,Persis kayak kakek ttngga....certa masa luluuu trussss.  Minta solusi di jawab dongeng üòÖüòÖüòÖüòÖüòÖüòÖüòÖ,2025-04-20T10:59:56Z,0
UgxRtDh0L01DRI267bF4AaABAg,@Lambangs16,Menyesal kmaren nyoblos situ....,2025-04-20T09:55:12Z,0
UgyJpiyPoh5-jElb_Q54AaABAg,@FlashHight,yang komen kebanyakan buzzee tanpa melihat video secara full üòÇ,2025-04-20T08:46:42Z,0
Ugwvtx_F2lv9GOv49_F4AaABAg,@sonysaputra6600,anjr*t supersemar üòÇ,2025-04-20T08:16:57Z,0
UgwPZlrW9CVsMzQEQkl4AaABAg,@firliardyansyah5132,Kualitas jawabannya kaya bapa bapa pos ronda,2025-04-20T08:12:34Z,0
Ugyw7kPZ3HrN4CtLBS54AaABAg,@noviseftiani4043,"55.46 rusuh aja lu ga dengerin maunya rakyat apalagi ga bersuara sama sekali, dari bahasanya playing victim banget",2025-04-20T07:36:11Z,1
Ugz1tgvIik1huDkppHF4AaABAg,@AsepSahrodin,Assalamualaikum... Mbak Najwa Shihab. Saya mau minta tolong ke pak Prabowo. Tolong bagai mana cara penyampaiannya. Saya butuh sekali pertolongan pak Prabowo üôèüèªüôèüèªüôèüèª,2025-04-20T07:15:11Z,0
UgwDBUAfCYykUKCVX754AaABAg,@maheshardhana831,"Kami msh suka puasa Pak, Krn tdk ada yg bs dimakan...",2025-04-20T07:07:45Z,0
UgyasvdzQFQ2CkZJ-K94AaABAg,@agunglameng4250,dongeng tidur terbaik 2025,2025-04-20T07:07:31Z,1
UgwJ_hbwysaU8ljkD0B4AaABAg,@agunglameng4250,"3,5 jam gak ada intinya. gak menjawab kegelisahan rakyat. luar biasa memang",2025-04-20T07:06:06Z,1
UgxDIC4cjrsEVwHJeWt4AaABAg,@channelduniainiberputar12r51,OMON OMON,2025-04-20T07:05:51Z,0
UgxzwjUm7qGZC05XW914AaABAg,@vonnidita6059,Ngomong aja susah banget ni orang. Kebanyakan eeeee,2025-04-20T06:44:56Z,2
UgxV7zM2vkBM0LFSf7R4AaABAg,@yosefharyanto8301,bisa di nilai sendiri kualitas pemimpin kita sekarang.,2025-04-20T06:35:52Z,0
Ugy-ps-ROoLfW5AVqFx4AaABAg,@maharanisalon9571,4 mnit aja aku nonton nya. Males ah,2025-04-20T05:57:30Z,0
Ugzybg8QnhzbgsmId1J4AaABAg,@maharanisalon9571,Knp jd kyaa gitu Prabowo gak jls bngt,2025-04-20T05:56:02Z,0
Ugxr6E5iQpLT6TdNpKB4AaABAg,@WisaAina,"Pak, program makan siang gratis bapak tidak ada sama sekali dirasakan oleh daerah kabupaten asahan sumatera utara. Belum ada satu sekolah pun yg merasakannya pak. Padahal wilayahnya wilayah yg bersyukur ada anak sekolah karna masih jauhnya dari kemajuan",2025-04-20T05:01:37Z,0
Ugxtc3cVyOrHD-df7ox4AaABAg,@WisaAina,"Pak tolong pak, belusukan lagi ke daerah daerah terpencil. Langsung dengarkan apa yg dirasakan rakyat. Bapak langsung mendengarkanya pak.  Kami bukan kelaparan  pak tapi kami lebih khawatir klw tidak ada lagi jalur bersih. Semua harus menggunaka orang dalam dan semua harus melalui penyogokan",2025-04-20T04:59:41Z,0
Ugx5ieCdlKDYGcz-pzp4AaABAg,@IkhaDea,"Orak genah pemimpin sak iki, masyarakat sak iki menderita, kebijakanora enek sing pro rakyat, ngomong ngalor ngidul ora enek titik terang,  jancok.",2025-04-20T04:57:35Z,1
UgxaYyeNDQuS2SzYUJx4AaABAg,@gibranschannel3035,SUPERSEMARüî•üî•,2025-04-20T03:58:35Z,1
Ugy_tpYHkEywvlnoig94AaABAg,@NurIwhan,"Semoga transparansi dibawah kepemimpinan bpk Prsiden menjadi kenyataan, mengatasi masalah permasalahan bangsa dgn cepat dan tuntas. Sehingga kata2 omon2 tidak terbukti.",2025-04-20T03:36:55Z,0
UgwVGAhoQVWlQAWU7Oh4AaABAg,@neti5574,Penasaran beli baju model prabowo itu dijual dimana? Udah susah dicari itu langka üòÖ,2025-04-20T03:32:35Z,0
Ugw0ZHLj9B55WcpwOqt4AaABAg,@dimaspray9266,Mana jawabannya?,2025-04-20T03:29:47Z,0
Ugz6uYYplfg1qLy2PYV4AaABAg,@Kei67739,"kaum 58% adalah kaum yg sakit hati ketimbang yang 24% sama 16%,karena 3 kali nyalon kalah muluüòÇ",2025-04-20T02:01:47Z,0
Ugx1s05QW8U7ZK8wmVN4AaABAg,@rizamaulana2467,hah?,2025-04-20T01:48:01Z,0
UgwbuMCmQ46neObs0TB4AaABAg,@toffiqjeffer5119,"Presiden menjawab ‚ùå
Presiden mendongeng ‚úÖ",2025-04-19T23:57:52Z,137
UgxbHDdrGfFju8iw5vh4AaABAg,@Selatanstories,Syang sekali tidak ada pembahasan guru honorer.,2025-04-19T23:37:15Z,0
UgzXua7YZOFZNE00paR4AaABAg,@shanks_channel,"Sehat selalu p Prabowo,pada kemana kaum 58%???kasih tanggapan dunk..apa lagi banyak istighfar...banyak lho yg bilang pemimpin kita saat ini omon2",2025-04-19T23:34:58Z,0
Ugzf7GykcYLqklBPCPZ4AaABAg,@zainridha6429,Baru 9 menit udah ngantuk üòî,2025-04-19T23:27:59Z,1
UgyiBnF4Lu13208vrFV4AaABAg,@syukriazhar6822,dari dulu asing selalu bermain ingin menghancurkan bangsa ini. sehat selalu pak prabowo,2025-04-19T23:18:57Z,0
UgzkeIAtoErgUDIDmop4AaABAg,@Moonlightz-h8n,Jawaban apa ini pak pak üòÇüòÇ,2025-04-19T22:42:25Z,0
UgzizC5ZtyRKMiZiYLh4AaABAg,@lupusbolang9896,"RUU TNI DI GASS . 
RUU PERAMPASAN ASET MANGKRAK !!! 

MEMUAKAN !!!",2025-04-19T22:39:04Z,0
UgwcEYf3zmy555FbeO94AaABAg,@Nurjanah-oy4sh,"Seolah olah jawabannya luar biasa
Ternyata yg ada di kenyataan moorat marit sua pak..pak....
Baru 8 menitvsaya sudah enek muak mendengar jawaban2 andaüòÇüòÇüòÇüòÇüòÇ.

Ngantuk paakk
Bobrok konoha sekarang pak
Adab etia dalam berpolitik sudah hilang tuh di konoha.

Lebih berasa seperti dagelan sih",2025-04-19T22:30:07Z,0
UgwhK0HhJsTFzQnsmCh4AaABAg,@muhammadfatir6660,Ngapain pak menaikan gaji mereka. Klo terbukti menyimpang pecat aja.,2025-04-19T22:29:44Z,0
Ugw-mAEBQrNvHU0Nou14AaABAg,@muhammadfatir6660,Analogi sih analogi.  Ngapain bikin analogi jauh jauh.  Wong koruptornya disekitar kita.,2025-04-19T22:27:05Z,0
UgzWd-MtWK0_dmNokSx4AaABAg,@martonoono-z3k,"Kebutuhan sehari"" naik,pajak di tekan kan ke rakyat,korupsi merajalela,UU miskin kan korup tak di sah kan dan rakyat menderita,lebih baik urus negara lain.sungguh kau prabowo tak layak jadi presiden,kami rakyat menyesal sekali pilih kau jadi presiden.",2025-04-19T21:55:21Z,0
UgzOnQrLUGaPedzluE54AaABAg,@rehanandriana158,Ga nyambung konci,2025-04-19T21:01:41Z,0
UgxSHeGQ0W8HnbLGAwx4AaABAg,@MazIim-o8u,saya yakin degan latihan sperti ini bapak menang nnt di ajeng stand up comedy. saya aja ktwa terus.üòÇüòÇ trimakasih sudah menghibur rakyat indonesia pak . bapak memang berbakat,2025-04-19T20:57:04Z,0
UgydoLMySVKfCosN5wJ4AaABAg,@rehanandriana158,Nanti jgn milih dia lagi kok kata ga respect sama prabowoüòÇ,2025-04-19T20:54:27Z,0
UgxAvIXwRsYEZ0CxU_B4AaABAg,@Frans.Trades,orang lolag lolog gini kok bisa jadi presiden yaüòÖ,2025-04-19T20:48:24Z,0
Ugx8ex-hfzf9-w3edEN4AaABAg,@MasKunted,"indonesia harus bisa bikin mobil bikin hp/ber tehnologi lah,indonesia harus cerdas",2025-04-19T20:28:46Z,0
UgznEwMFLJOpNhKS4gB4AaABAg,@aisyahjafar87,jawaban yg tidak berkelas dan sangat menyebalkan,2025-04-19T20:26:19Z,0
UgwrEJoDDWGLG37tFzp4AaABAg,@madenantra7521,Semoga seluruh rakyat Indonesia terinfirasi dari Bapak Prabowo untuk bekerja mengelola lahan untuk ditanami. Jangan sampai lahan kosong. Bahkan tanah pekarangan pun perlu diisi tanaman namun disesuaikan. Tujuan kita yaitu untuk meningkatkan ketahanan pangan. Dengan rajin menanam juga ada keuntungan tambahan yaitu untuk pakan ternak dan lain lain. Berarti kita bertani dalam arti luas. Mari bersemangat mengatur waktu untuk memproses pertanian.,2025-04-19T20:03:46Z,0
UgyJZKqenlthwhZrIQx4AaABAg,@brainfart_,This President is a Disaster. I still don't understand how he won the election. Human right violation allegation and Military ties scream huge RED FLAG.,2025-04-19T19:09:07Z,0
UgzOipLNFcmdSPVMyzx4AaABAg,@elhafizh7532,"Pak Prabowo.kami rakyat sudah muak dengan tingkah para habib2 baalawi yg suka ngadu domba.

Jngn pura2 tidak tau keresahan rakyat pak",2025-04-19T17:48:09Z,0
UgyZTj6kCZWsCns5GCl4AaABAg,@sima0270,Saya di detik 0 : 46 udah ga kuat tolongg ...,2025-04-19T17:34:53Z,1
UgyIPWU1EFOwEjOPxjJ4AaABAg,@fuadahmad2926,Salut buat para jurnalis atas kesabarannya selama 3 jam üòÇ,2025-04-19T17:15:18Z,0
UgyI2SvJo7mUiZrRPo14AaABAg,@vitoabdil7738,ALLAHHHHHHUAKBARRRRRRRRRRRRR,2025-04-19T17:08:07Z,0
Ugy04JBVc1uPl2O2fil4AaABAg,@maryambatrisyia5054,Pak smpe sekarang petani masih susah..üò¢üò¢üò¢üò¢,2025-04-19T16:59:48Z,0
Ugxi4QP0egQqEoei4xN4AaABAg,@MunardiMunardi-mk1uw,"Terima kasih PK,semoga p3tani semakin makmur.",2025-04-19T14:01:40Z,0
Ugyzcd5Xt18KfG14Lz54AaABAg,@MunardiMunardi-mk1uw,Terima kasih PK presiden.biasanya menjelang lebaran.semua harga pangan.aman terkendali.,2025-04-19T13:59:31Z,0
Ugw0At9ATKJsOALLt4B4AaABAg,@joe66633,demo yang tidak damai aja gak didengar apalagi demo yang damaiü§¶üèª‚Äç‚ôÇÔ∏è,2025-04-19T13:43:08Z,1
Ugzocg-7uo_5iw2mQgt4AaABAg,@ErEnJegEr62,"Mungkin akal ku aja kali ya yang masih terlalu tumpul. Ntah kenapa GK faham betul sama isi videonya, kena nonton lagi ini mah biar pahamüò¢.",2025-04-19T13:25:19Z,0
Ugylv1P1T-gKnuEXpxN4AaABAg,@zilazila-mc6pq,he doesn't know Rakyat Indonesia yang sebenarnya...lebih bayak halusinasi bhw keadaan masih baik2 saja...come on..wake up!,2025-04-19T13:02:04Z,0
UgxzxBZikPJoQ5Gp1IV4AaABAg,@mopp3126,"Prabowo ngejanjiin lapangan kerja, mana?",2025-04-19T12:40:15Z,1
Ugz7xR7oU83O1mgjxXJ4AaABAg,@cetakbiruid,1:48:06,2025-04-19T12:05:46Z,4
UgzxadwCVSxNaZ3qENR4AaABAg,@kukunmisbah8521,Cmoon mb nana. Cmoon üòÖüòÖ,2025-04-19T11:54:41Z,0
UgzW_f-CylNN16DClf94AaABAg,@kukunmisbah8521,Gak enak banget dengerinnya. Omon¬≤nya ga ada poin.,2025-04-19T11:30:02Z,0
UgxWLR6AtDFKF4Hs_f94AaABAg,@rusmanhadi5466,Jadi nih bubar,2025-04-19T10:33:35Z,0
UgyrwjL_Z3YLJrBXTHx4AaABAg,@NakaOtomotif,"Waktu jln toll one way, jalur pantura macet parah",2025-04-19T10:25:10Z,0
UgwcDo4gjqN7meGd9JV4AaABAg,@rizuanchannel9792,"Terima kasih mba nana atas berbagai nya,sampai sini saya pahamüòä",2025-04-19T10:14:47Z,0
UgyA1paO3NDFlDdUHzR4AaABAg,@NakaOtomotif,Ini bicara hayalanüòÇ,2025-04-19T10:01:06Z,0
Ugx36SZlOFB2bZvcWbl4AaABAg,@rukuvii,Pak yaallah jawabannya muter-muter ü´£,2025-04-19T09:57:05Z,0
Ugz3qUvfNKiLpKDzqWt4AaABAg,@AlifArmid,"Kalau ekonomi Indonesia cukup baik tidak mungkin rakyat mu kesusahan cari pekerjaan wo 
Dan banyak rakyat mu yang merantau ke negeri tetangga",2025-04-19T09:56:36Z,0
UgxGSTYK5WRsFXSVbTZ4AaABAg,@aawira77,"Pak presiden satu pemikiran sama saya
Karena beliau tau rasanya seperti apa ketika masih kecil gak punya harapan gimana
Dan bapak bukan orang teoritis tapi bergerak,,,, maju terus pak saya support doa",2025-04-19T08:52:53Z,1
UgybYYn_zP1lBOE3Efh4AaABAg,@endangsriningsih6162,"Luar biasa....bisa menyimak penjelasan yang sangat gamblang dari pimpinan tertinggi negeri ini. Semoga Alloh Subhanahuwata'ala memberikan Panjang usia, sehat, dan sukses untuk Pak Prabowo dalam memimpin negeri tercinta ini.",2025-04-19T07:08:19Z,2
UgyiJQub4Sucoz5eDYh4AaABAg,@JQKA2tekan10,"SSR+++

*human
*sword/katana
*attack
*foolevoker

STR : 99
AGI : -99
VIT : 50/50
INT : (unknown)

Skill

1. Buff all alies team
2. Debuff all foe
3. Repel all foe attacks",2025-04-19T05:23:48Z,0
Ugwi2DmDErbyP38HslR4AaABAg,@cctv_arpikal9509,dan sekian triliun dari korupsi larinya kemana?,2025-04-19T05:02:51Z,0
UgyZ_LGwmpA1D6CuBF54AaABAg,@JasmineIndriani,"AKAR MASALAH BANGSA KITA ITU KORUPSI PAK!!!!!! lihat china 20thn bisa SAINGAN sama USA.KL MAU BENERIN NEGARA INI KORUPTOR DIHUKUM MATI,BIAR PADA JERA!JANGAN ATAS MENAMAKAN HAM..MERAKA MERAMPOK JG G MIKIRIM HAM RAKYAT,TRS HARTA DISITA BUAT RAKYAT!BENER2 MIRIS LIHAT NEGRI INI...KORUPTOR HIDUP ENAK DITAHANAN! KASIHAN PENERUS BANGSA KITA N PEJUANG BANGSA KITA DULU!!SEMAKIN KITA MELAWAN ARUS MALAH KITA DIBUANG!ITU NYATA NO DEBAT..FIX!",2025-04-19T04:22:50Z,1
UgxCQPKpTWo6DWnVnHt4AaABAg,@trianto8455,"Ini yang dulu teriak-teriak saat kampanye...'indonesia akan menjadi macan asia lagi' 
Nyata hanya omon-omon.",2025-04-19T03:59:36Z,3
Ugyhx8RJTMgJgGnSdaR4AaABAg,@stryhnmysrarfn,Pick me banget sih gemoy ‚ò∫Ô∏è,2025-04-19T03:27:12Z,0
UgwEBIMUKo3D4PhWaad4AaABAg,@aryapngkr4791,gajelas jawaban nya,2025-04-19T03:06:31Z,1
Ugw8WE9ieEpQjPwrK6V4AaABAg,@aryapngkr4791,wo wo ampun dah,2025-04-19T03:06:15Z,0
UgywVxH3oRcwdX--VO14AaABAg,@hartiniwidodo5978,"Harusnya peserta jurnal ini yang direkrut presiden untuk memajukan Indonesia kedepan bukan hnya bertanya bertanya & untuk di kritik.tidak membantu mencari jalan penyelesaian dari semua pertanyaan oleh masing"" jurnal . masuk lah ke dalam pemerintahan agar bisa menyelesaikan yang jurnal pertanyakan itu .Indonesia pasti akan lebih maju dengan hadirnya para jurnal ini .bukan hanya Artis Artis yang bukan dibidangnya untuk di pemerintahan kita ini.sekarang bagai mana kita mengimplemasikan gagasan ini kalo tidak bisa bersatu dlm pemerintahan.selamaya hanya bisa bertanya bertanya dan bertanya doang dong.Apalgi 150 hari  sudah dikejar dengan  berbagai pertanyaan.Alangkah lebih bijak dengan menyumbangkan gagasan & bisa menjalan  di pemerintahan yang dipimpin presiden terpilih sesuai dengan misi masing  jurnal yang genius semua ini .inshaAlloh Indonesia semakin  jaya. buktikan bahwa kalian semua bisa bekerja dan bukan hanya BERTANYA.üí™üí™üòáüôèüôè.",2025-04-19T02:41:00Z,0
UgymbRWDSrddBhLAAe14AaABAg,@Rasi993,Minit. 02:57:30. Pisang apa ?.,2025-04-19T02:37:19Z,1
Ugy_iDo4xYvN2LCLedd4AaABAg,@mohamadanasmahfudin1332,"Sebelum liat ini saya bingung mau di bawa kemana negri ini 
Alhamdulillah setelah liat ini saya bisa tambah bingung lagi.",2025-04-19T01:49:02Z,0
UgxM-2515HNqMf3RcGp4AaABAg,@fakhridalimo5616,"Lebih Logis Dengerin Lord Rangga di wawancara, alfatiha buat lord rangga",2025-04-19T00:53:49Z,0
UgwAVAfHDx11JKAmkmd4AaABAg,@RochmadAlif,"aku lihat dari jawaban pak prabowo tentang soal najwa shihab tentang wewenang polri itu hanya kabar hoax karena beliau pun belum menyetujui otomatis belum di baca, terus menurut pak prabowo jika wewenang polri sudah cukup buat apa ditambah berarti wewenang polri itu dirasa sudah cukup jadi tak ada pertambahan wewenang so itu sih yg ku tangkap dari jawaban nya pk prabowo",2025-04-19T00:49:29Z,1
UgyUKA_M4mUZ2Jx707l4AaABAg,@MalikIbrahim-e8f,"3jam lebih ,,,,, serasa didonggein, akhirnya tidur gw pules, ini yg mimpin indo? wht the ..... üòÇ
ambisi kekuasaan memang mengerikan",2025-04-19T00:36:09Z,0
Ugy7CgYm9hwP7I3jGpl4AaABAg,@tuludse1596,Pembangunan yg berkelanjutan jgn  sampai ada yg mangkrak2... Ttp yg paling susah untuk memerangi membangun hawa nafsu,2025-04-18T23:52:32Z,0
Ugzi1Aa0lhHgnzyBnxh4AaABAg,@onessabba,Dan yang menjadi pertanyaan saya. Apa peran pemerintah kepada masyarakat petani?,2025-04-18T23:11:52Z,0
UgzTmIH6TR0-3zYoK5Z4AaABAg,@onessabba,"Pa coba lihat petani di kampung kami di NTT sana, programnya cuman menanam, panen dan jual, sebagian dimakan sendiri. Pekerjaannya juga dari awal pencernaan penanaman smpai panen itu menggunakan dana sendiri belum hitung gagal panel. 
Dikatakan produsen ia tapi kepada siapa Harus mencari kemakmuranya kalau setiap tahun itu-itu saja.
Coba lakukan survei bagi aparat desa tentang hasil yang didapat masyarakatnya lalu peran desa dalam sektor itu apa?
Saya juga anak petani pak harapan kami adalah cita-cita bapak untuk Indonesia juga.
Trimakasih banyak pak üôè",2025-04-18T23:09:43Z,0
UgynJl4bdgtw2FDiyU94AaABAg,@zakkyfebian2439,AüòÖüòÖ,2025-04-18T22:43:35Z,0
Ugz_A_sNl2duc3QkFsV4AaABAg,@politikindonesia73,"utamakan ekonomi rakyat dulu pak presiden, ciptakan lapangan kerja yg banyak dan bantu bukan program mbg tp di ganti tf langsung ke sasaran ajh biar hemat tenaga dan tidak banyak yg terlibat soalnya rawan di korup",2025-04-18T21:39:13Z,0
Ugx3uVm4do20V-M6mMZ4AaABAg,@CryptoBB-n8q,BUMN tidak baik baik saja pak,2025-04-18T21:11:14Z,0
Ugw0PvUhUWIOb0IpdYF4AaABAg,@nicenews9193,"Presiden omon omon,
Pemerintahan terburuk yg pernah ada di negri ini",2025-04-18T21:07:40Z,0
UgzpYbyC7g9j9c2Sx9N4AaABAg,@TiaTia-b3l,"Saat ini pukul 03.59 pagi ,dan saya tidaj bisa tidur ,alhamdulilah saya dengarkan video ini sambil merem akhirnya tidur",2025-04-18T20:59:32Z,0
UgwnSH-29X4JfdyNS4t4AaABAg,@skskiyyes8832,"Yang manis diawal, manis bicara, manis janji, itu terkadang bikin takut.tapi saya masih percaya pak Prabowo.",2025-04-18T20:52:06Z,0
UgxSuP6vtcqmHlIdsbB4AaABAg,@opik8305,Nex gue nunggu pa kamg dedy mulyadi duduk di sini setelah jadi RI 1 si pasti jawaban nya sangat amazing sekaliii pastiii,2025-04-18T20:01:38Z,0
UgzaLON_r9zP2Z5hbtl4AaABAg,@laluholitzohri8697,"Ditanya barat jawabnya timur,, Bowo""",2025-04-18T19:53:31Z,0
UgyLNTnJy9TqnpzROTl4AaABAg,@MikaTakTung,Tidak semudah itu pak uang dari mana apakah mau menambah hutang negara lgi kah ..sekarang saja sudah terlihat mengalami krisis perekonomian negara,2025-04-18T19:44:30Z,0
UgyyRe9Uv4FFDwV7_1R4AaABAg,@khoirulm8269,"Saya ikut bapak saya di pertanian pak presiden, dan juga di perkantoran",2025-04-18T19:33:37Z,0
UgzwZi8dDKp1Isb92Rl4AaABAg,@jray2782,Isi diskusi ini hny omon omon doang jawaban dr si wowo,2025-04-18T18:20:36Z,0
UgyoJfvTUZn_XGJaOfx4AaABAg,@abangkoesnul,asli ngakak baca komentar¬≤ disini yang super kreatif dan SELALU BERSYUKUR karena videonya cuman 3 jam 26 menit 38 detik (coba saja videonya lebih dari 24jam) üòÖüòéüî•,2025-04-18T18:06:21Z,0
UgzC85QMEEDNr-uGmdR4AaABAg,@agikjati8602,Brani dak adili jokowi,2025-04-18T18:04:00Z,0
UgzGXvZx6n3xI_ud-hl4AaABAg,@Angga.mely2010,"Disini pak prabowo kena serang ,di tuntut,oh ya pak prabowo sdh 150 hari kerja.",2025-04-18T17:37:28Z,0
UgwfS0wFWm6-E_3ODb14AaABAg,@raespatis7764,"Presiden sebelumnya udah bikin akses mobilisasi,Presiden kita yang sekarang sedang bikin pondasi   bikin negara kuat, kalo warganya ngga mau upgrade diri buat ikut kontribusi buat negara, gampang ke hasut busser si paling paham kemajuan, jangan harap negara bisa maju,",2025-04-18T17:22:55Z,0
UgyocaZKAj73_v5g5nB4AaABAg,@ilhamdialfiansyah4141,2+10=13,2025-04-18T17:20:04Z,0
Ugy9F3cuGIdsQa6PxJ94AaABAg,@hid1830,Setulus ini masih di hujan,2025-04-18T16:59:30Z,0
UgxUbfq9Z5bf8GAnrjR4AaABAg,@_IMadeOka,Jurnalis tertawa puas mendengar kejeniusan jawaban pak presiden üòÇ,2025-04-18T16:50:03Z,1
UgwNeaxhDfkHuowuRTx4AaABAg,@hamdanmuklhis9594,Terimakasih 3 jam nya dah hopeless,2025-04-18T16:20:39Z,0
Ugwuxtm43KIDtEDxvYh4AaABAg,@hisyamnurayasyi8694,"Woy, wakilnya dong yg ganti jawabüòÇjgn mlempemüòÇ",2025-04-18T15:03:27Z,1
Ugx_WI2YEzkLsLmVNEV4AaABAg,@saidinaltanjung6116,Undang undang media tidak wajib selalu di indahkan adakalanya di lenyapkan demi NKRI harga mati,2025-04-18T14:59:13Z,0
UgwxL9J4KbCGAfICLM14AaABAg,@deviximoush,"gibran for the next
 presiden...",2025-04-18T14:39:45Z,0
UgzF3c7SHbOWDt0mpgh4AaABAg,@mrwannabe1164,mohon bantuannya pak. tolong banyakkan iklan atau apapun itu akan budaya makan real food(makan makanan sehat seimbang) agar petani dan peternak pun maju dan sejahtera.,2025-04-18T14:35:30Z,0
Ugw-yaiBqaz-NMrzHJp4AaABAg,@wawarumi225,Pak prabowo .... harga cabe masih mahal 1 kg 60rb  di wilayah deli serdang galang kota sumut,2025-04-18T14:23:19Z,0
UgxMA9ICtmbbXNZXpwN4AaABAg,@safitrahaidil6047,"Setuju bahwa Sektor Agraris/ Pertanian harus menjadi salah satu prioritas Negara. Karena bagaimanapun kita adalah negara agraris sedari dulu. Akan tetapi jika menyatakan bahwa setiap negara maju/sukses sektor pertaniannya juga maju. Lantas bagaimana dengan Singapura? Kebutuhan Pangan mereka hampir 90% diimpor, tapi mereka tetap menjadi negara maju bahkan negara paling atas yang memberikan utang luar negeri kepada Indonesia.",2025-04-18T14:14:44Z,0
Ugzk5TS7zad34CUIMV94AaABAg,@NasrulTanjung-n1q,‚ù§‚ù§‚ù§‚ù§‚ù§‚ù§‚ù§,2025-04-18T13:54:01Z,1
Ugy3Rj1hFQ_ZjFpcXdl4AaABAg,@Obestq,"kata kata ""bocor ...bocor...msh ada ngk ?",2025-04-18T13:46:44Z,0
UgzVkG_5v0Qr6ym-Rap4AaABAg,@SiwonKim-e1e,"Saya orang korea tinggal di indo, 

Saya penuh setuju ya dengan pak prabowo, 

Saya yakin makan bergizi gratis ini adalah tahapan pertama (fondasi) 

Habis ini kita harus menuju ke pendidikan biar anaknya tidak kalah dari situasi, biar punya mimpi yg besar.",2025-04-18T13:39:19Z,0
Ugxgon02op_hDgvOG8J4AaABAg,@SutomoBanyumas,Saya warga desa dawuhan kecamatan banyumas ikut sumbang sih dan mendo akan pk Prabowo subiyato selalu dilindungi oleh Yang maha Esa dan maha kuasa dalam mengemban tugas jangan ada halangan suatu apapun agar selalu diperi kesehan  agar berguna bagi bangsa dan negara .,2025-04-18T13:24:52Z,0
Ugyse4v-vIlnmRCbTrN4AaABAg,@wtb7778,Luar biasa pertanyaan uni lubis,2025-04-18T13:16:30Z,0
Ugz0wB8gY4k_aeAKgNB4AaABAg,@ikmalgabutchannel9708,"Terima kasih 
Jawaban nya sangat bermanfaat bagi orang luar
Miris bagi orang lokal.",2025-04-18T12:14:57Z,0
Ugzr0RLKPwuE92kkfZp4AaABAg,@stayvillainverse,"damn, he said he never read of RUU TNI but suddenly today's news malahan dia udah ttd?????? tf... gila",2025-04-18T11:28:46Z,0
UgxjZ4-Ae5gbRPw0MuZ4AaABAg,@klikajaguys,"Sekedar info Waraninyo adalah boneka jerami yang digunakan dalam ritual voodoo atau sihir.¬†Waraninyo bisa diisi dengan gambar wajah seseorang yang ingin disantet, kemudian dipukuli, dicambuk, atau dibakar untuk melampiaskan kebencian atau dendam terhadap orang tersebut.",2025-04-18T11:20:00Z,0
UgwGyldB7nzV8O81FAZ4AaABAg,@klikajaguys,"Baru Tau skarang kenapa rakyat sumbar banting stir ga mau pilih bapak ini lgi kemarin,",2025-04-18T11:09:11Z,0
UgybeMVJRDonqAt_FL54AaABAg,@DenisisaFamillyfriendly,1:24:24 semoga yang bapak bilang ini  jadi kenyataan walau saya agak kawatir siüòÖ,2025-04-18T10:16:28Z,0
UgxxoARTepXBQ5BylxN4AaABAg,@ASofiyan,Kocakk,2025-04-18T10:14:36Z,1
UgwPmSFAlskAYJI37D54AaABAg,@feryseptarini1328,Bingung bingung aku bingung...maksudmu OPO to paküò¢,2025-04-18T10:07:54Z,0
UgzfYH6vOVt4y8ucHRR4AaABAg,@muhamadfauzishinichi8293,"Ya kalo niat bagus saya makasih, tapi beras masih mahal pak wkwkwk",2025-04-18T09:54:58Z,0
UgzUcMxpiX1TpQjC9M14AaABAg,@commentatorers,APA YANG DITANYAKAN WAKIL RAKYAT DARI JURNALIS DAN LANGSUNG DIJAWAB OLEH YANG BERSANGKUTAN PANJANG X LEBAR X TINGGI X TAPI DICARI CARI GA KETEMU MALAH JAWABANNYA. GUE BINGUNG KATANYA MENSUKSESKAN PETANI TAPI HARGA GETAH KARET SEKARANG MALAH NURUN DRASTIS PERKILO GRAM BELUM LAGI GETAHNYA MACET DARI POHON DAN NAIKNYA SETAHUN SEKALI HANYA 50 PERAK.,2025-04-18T09:37:55Z,0
UgyMvFzvka99siWwDU14AaABAg,@OctoraPutra,Majalah tempo kok ga diajak sih,2025-04-18T09:33:03Z,2
UgybxpKy0NhwMaY6fz54AaABAg,@sulistri5708,Saya Rakyat Indonesia...dengan ini menyatakan saya mumet dan tidak tertarik mendengarkan pak pejabat satu ini...Ini sungguh Lelucon yg luar binasaüòÖüòÖ,2025-04-18T09:29:48Z,0
UgwHZLfS17VSvp4C_XB4AaABAg,@tanimulyo5373,Usullanaku sebagai petani hasil panen padi di trima bulok harga yang baik janji bapak  harga Rp 6500 terus jika negara akan membuat rakyat merasa pamgan murah beras di supsidi penjualanya ke rakyat semua jadi gabah di beli negara harga bagus petani dapat untung ratyst indo merasa pangan murah,2025-04-18T09:27:42Z,0
UgzvlNkel5x2_GCRjAh4AaABAg,@AidaturRizqiyah,"Alhamdulillaaah saya tdk ikut bertanggungjwb di akhirat kelak, krn tdk memilih p.wowoüòÇüòÇüòÇ",2025-04-18T08:58:28Z,0
Ugx5zNsK80xkYQxngc14AaABAg,@wawanneutron,"beliau ini tidak melihat apa yang sedang terjadi, kecelakaan mudik berkurang 30%, beliau merasa senang wkwkw padahal tidak melihat realita yg terjadi, turun nya angka kaecelakaan karena turun nya jumlah pemudik thn ini, dikarenakan ekonomi sedang lesu, heran ga mikir sampe situ",2025-04-18T08:49:07Z,0
UgycfWSn9FVZ7GTmw0t4AaABAg,@GRageMaridhona,"Propaganda indonesia yg terangkum dalam 3 jam, cerdas.",2025-04-18T08:36:33Z,0
Ugx0hT8T9-oY0KyIAbp4AaABAg,@intantrisna1874,"Bapak prabowo ini hanya manusia biasa, mungkin dimata kalian jawabannya sangatlah biasa seperti tak peduli namun saya merasakan bapak sedang mengusahan semuanya, untuk memperbaiki indonesia terutama peraturan"" nya yang sudah berjalan puluhan tahun itu ga gampang. Sabarlah sebentar ini baru berjalan beberapa tahun jangan minta hasil instan... Dari awal menjabat sampai sekarang pencapaian yang didapatkan pak prabowo sudah cukup baik bagi Indonesia. Dan untuk itu berilah sedikit waktu agar bapak prabowo membawa indonesia lebih makmur dan berwibawa dimata dunia. Benarlah semua urusan sudah di berikan kepada masing"" pihak yang harus mengurus pekerjaan mereka pak Prabowo hanya melihat cara kerja mereka bagus tidak dan sekiranya tidak bagus pastilah bapak akan memberi peringatan agar mereka bisa berbenah dalam tugasnya namun jika sudah ditegur namun blm di benahi maka akan di ambilkan sikap yang tegas oleh bapak. Dan kita sebagai warga negara Indonesia yang baik memanglah perlu mengoreksi pekerjaan belia namun bukan berarti kita bisa langsung menghakimi atas kerja beliau yang mungkin dirasa kurang pas untuk negeri ini, berilah waktu agar beliau bisa berbenah dan mengusahakan semuanya namun butuh waktu bukan instan. Semoga kita bisa menjadi warga negara yang baik dan bijak tidak apa-apa mengkritik agar indonesia lebih baik kedepannya namun jangan meminta langsung ada hasil instan. üôèüôèüôèüôèüôè ini pendapat saya terimakasih.",2025-04-18T07:17:13Z,0
